医院名,住所,郵便番号,評価,口コミ件数,Google Maps URL,公式ウェブサイト,都道府県,診療科目
松尾歯科･おとなこども矯正歯科,日本、〒039-1536 青森県三戸郡五戸町愛宕後２６−１４,039-1536,4.7,149,https://maps.google.com/?cid=28218853782371339&g_mp=Cidnb29nbGUubWFwcy5wbGFjZXMudjEuUGxhY2VzLlNlYXJjaFRleHQQAhgEIAA,http://www.matsuo-dc.info/,青森県,小児歯科
のへじ矯正小児歯科,日本、〒039-3141 青森県上北郡野辺地町鳴沢３６−１,039-3141,4.5,56,https://maps.google.com/?cid=13360236793723995637&g_mp=Cidnb29nbGUubWFwcy5wbGFjZXMudjEuUGxhY2VzLlNlYXJjaFRleHQQAhgEIAA,https://noheji.kamiden.net/,青森県,小児歯科
かみきたデンタルクリニック,日本、〒039-2406 青森県上北郡東北町旭北１丁目３１−９０,039-2406,4.4,219,https://maps.google.com/?cid=12861001954703120818&g_mp=Cidnb29nbGUubWFwcy5wbGFjZXMudjEuUGxhY2VzLlNlYXJjaFRleHQQAhgEIAA,http://kamikita-ortho.com/,青森県,小児歯科
たなべ歯科・矯正歯科医院,日本、〒033-0033 青森県三沢市美野原１丁目２ 13番地2号,033-0033,4,73,https://maps.google.com/?cid=5747194597688233852&g_mp=Cidnb29nbGUubWFwcy5wbGFjZXMudjEuUGxhY2VzLlNlYXJjaFRleHQQAhgEIAA,https://www.tanabedc.jp/,青森県,矯正歯科
小林歯科医院,日本、〒037-0055 青森県五所川原市柏原町５０,037-0055,4.3,83,https://maps.google.com/?cid=4545911626942355936&g_mp=Cidnb29nbGUubWFwcy5wbGFjZXMudjEuUGxhY2VzLlNlYXJjaFRleHQQAhgEIAA,https://www.kobayashi-dentistry.com/,青森県,矯正歯科
八戸総合歯科・矯正歯科,日本、〒039-1166 青森県八戸市根城９丁目４−７,039-1166,4.5,118,https://maps.google.com/?cid=9993903871520938744&g_mp=Cidnb29nbGUubWFwcy5wbGFjZXMudjEuUGxhY2VzLlNlYXJjaFRleHQQAhgEIAA,https://www.n-yoshida.jp/,青森県,矯正歯科
盛岡となん歯科･こども矯正歯科,日本、〒020-0831 岩手県盛岡市三本柳７地割13番8号,020-0831,4.9,262,https://maps.google.com/?cid=5972186405453112528&g_mp=Cidnb29nbGUubWFwcy5wbGFjZXMudjEuUGxhY2VzLlNlYXJjaFRleHQQAhgEIAA,https://tonandc.com/,岩手県,小児歯科
ゆいとぴあ歯科医院,日本、〒020-0866 岩手県盛岡市本宮６丁目１１−１０,020-0866,4.5,119,https://maps.google.com/?cid=1394409681404232714&g_mp=Cidnb29nbGUubWFwcy5wbGFjZXMudjEuUGxhY2VzLlNlYXJjaFRleHQQAhgEIAA,http://www.yuitopia-dc.com/,岩手県,小児歯科
村井産婦人科小児歯科医院,日本、〒020-0851 岩手県盛岡市向中野道明55,020-0851,4.1,147,https://maps.google.com/?cid=4371269780495001218&g_mp=Cidnb29nbGUubWFwcy5wbGFjZXMudjEuUGxhY2VzLlNlYXJjaFRleHQQAhgEIAA,https://murai-clinic.net/,岩手県,小児歯科
なごみ矯正・デンタルクリニック,日本、〒020-0148 岩手県盛岡市前潟４丁目７−１ イオンモール盛岡 1F,020-0148,4.8,72,https://maps.google.com/?cid=14974744257578737500&g_mp=Cidnb29nbGUubWFwcy5wbGFjZXMudjEuUGxhY2VzLlNlYXJjaFRleHQQAhgEIAA,https://www.nagomi-dentalclinic.jp/,岩手県,小児歯科
ざいもくちょう歯科,日本、〒020-0063 岩手県盛岡市材木町９−１,020-0063,4.6,184,https://maps.google.com/?cid=12597058799956006325&g_mp=Cidnb29nbGUubWFwcy5wbGFjZXMudjEuUGxhY2VzLlNlYXJjaFRleHQQAhgEIAA,https://zmt-dc.com/,岩手県,小児歯科
泉中央おとなこども歯科・矯正歯科,日本、〒981-3133 宮城県仙台市泉区泉中央３丁目２−１ ルーセント21 1F,981-3133,4.7,153,https://maps.google.com/?cid=1716779732405261497&g_mp=Cidnb29nbGUubWFwcy5wbGFjZXMudjEuUGxhY2VzLlNlYXJjaFRleHQQAhgEIAA,https://izumiokdc.hp.peraichi.com/,宮城県,小児歯科
仙台おとなこども歯科 矯正歯科,日本、〒983-0803 宮城県仙台市宮城野区小田原２丁目２−５２,983-0803,4.2,97,https://maps.google.com/?cid=14065421408404174398&g_mp=Cidnb29nbGUubWFwcy5wbGFjZXMudjEuUGxhY2VzLlNlYXJjaFRleHQQAhgEIAA,https://sendaiotonakodomo-dental.com/,宮城県,小児歯科
上杉おとなこども歯科・矯正歯科,日本、〒980-0011 宮城県仙台市青葉区上杉３丁目２−２８,980-0011,4.5,58,https://maps.google.com/?cid=15039024459609396445&g_mp=Cidnb29nbGUubWFwcy5wbGFjZXMudjEuUGxhY2VzLlNlYXJjaFRleHQQAhgEIAA,https://kamisugi-otonakodomo.com/,宮城県,小児歯科
利府なのはなデンタルクリニック,日本、〒981-0131 宮城県宮城郡利府町青山２丁目2番2 ビッグ利府青山店敷地内,981-0131,4.4,52,https://maps.google.com/?cid=2316280353027469437&g_mp=Cidnb29nbGUubWFwcy5wbGFjZXMudjEuUGxhY2VzLlNlYXJjaFRleHQQAhgEIAA,https://nanohana-dc-lp.com/,宮城県,小児歯科
坂井おとなこども歯科,日本、〒986-0815 宮城県石巻市中里３丁目１−１１,986-0815,4.6,58,https://maps.google.com/?cid=13524468580126548886&g_mp=Cidnb29nbGUubWFwcy5wbGFjZXMudjEuUGxhY2VzLlNlYXJjaFRleHQQAhgEIAA,http://sakaiclinic.or.jp/,宮城県,小児歯科
たがじょうグリーン歯科,日本、〒985-0835 宮城県多賀城市下馬５丁目８−６,985-0835,4.2,102,https://maps.google.com/?cid=17323836985701445193&g_mp=Cidnb29nbGUubWFwcy5wbGFjZXMudjEuUGxhY2VzLlNlYXJjaFRleHQQAhgEIAA,http://www.tagajogreen.jp/,宮城県,小児歯科
仙台つつじがおか歯科,日本、〒983-0852 宮城県仙台市宮城野区榴岡３丁目２−１ TLRレジデンス仙台 東 2F,983-0852,4.4,155,https://maps.google.com/?cid=13492242856688497687&g_mp=Cidnb29nbGUubWFwcy5wbGFjZXMudjEuUGxhY2VzLlNlYXJjaFRleHQQAhgEIAA,https://sendai-tsutsuji.com/,宮城県,小児歯科
クニデンタルクリニック,日本、〒981-3111 宮城県仙台市泉区松森新田１８２,981-3111,4.5,50,https://maps.google.com/?cid=2381617320968839697&g_mp=Cidnb29nbGUubWFwcy5wbGFjZXMudjEuUGxhY2VzLlNlYXJjaFRleHQQAhgEIAA,,宮城県,小児歯科
仙台リボン歯科・矯正歯科 インプラント,日本、〒980-0811 宮城県仙台市青葉区一番町３丁目６−１ 一番町平和ビル 3F,980-0811,4.7,463,https://maps.google.com/?cid=5744678325415213286&g_mp=Cidnb29nbGUubWFwcy5wbGFjZXMudjEuUGxhY2VzLlNlYXJjaFRleHQQAhgEIAA,https://ribon-shika.jp/sendai/,宮城県,矯正歯科
くぼた矯正歯科クリニック,日本、〒983-0039 宮城県仙台市宮城野区新田東２丁目１４−６ クランジュールマンション小鶴新田 1F,983-0039,5,111,https://maps.google.com/?cid=3053041449656196643&g_mp=Cidnb29nbGUubWFwcy5wbGFjZXMudjEuUGxhY2VzLlNlYXJjaFRleHQQAhgEIAA,https://kubota5888.com/?utm_source=Google&utm_medium=referral&utm_campaign=lcid_12908639379252172924,宮城県,矯正歯科
仙台青葉矯正歯科クリニック,日本、〒980-0811 宮城県仙台市青葉区一番町３丁目１−１８ しまぬきビル ２F,980-0811,4.5,168,https://maps.google.com/?cid=8377368347098841693&g_mp=Cidnb29nbGUubWFwcy5wbGFjZXMudjEuUGxhY2VzLlNlYXJjaFRleHQQAhgEIAA,https://dd-dentalclinic.jp/lp/ddd/lp01/?ads=a-ahd_p-orthodontics_s-google_m-maps_o-reserve_d-organicfeed_sendaic-cv_1&utm_source=google&utm_medium=maps&utm_campaign=a-ahd_p-orthodontics_s-google_m-maps_o-reserve_d-organicfeed_sendaic-cv_1,宮城県,矯正歯科
仙台東口矯正歯科,日本、〒983-0864 宮城県仙台市宮城野区名掛丁205−５ 1F,983-0864,4.3,83,https://maps.google.com/?cid=2342125069579283938&g_mp=Cidnb29nbGUubWFwcy5wbGFjZXMudjEuUGxhY2VzLlNlYXJjaFRleHQQAhgEIAA,http://www.sendai-ortho.com/,宮城県,矯正歯科
仙台キュア矯正歯科,日本、〒980-0021 宮城県仙台市青葉区中央２丁目１１−28番地 りんくすビル ６階,980-0021,4.6,67,https://maps.google.com/?cid=8558229375578704157&g_mp=Cidnb29nbGUubWFwcy5wbGFjZXMudjEuUGxhY2VzLlNlYXJjaFRleHQQAhgEIAA,https://sendai-cure.jp/?utm_source=google&utm_medium=map,宮城県,矯正歯科
懸田歯科医院,日本、〒980-0014 宮城県仙台市青葉区本町１丁目２−１６,980-0014,4.5,116,https://maps.google.com/?cid=4243914406663660860&g_mp=Cidnb29nbGUubWFwcy5wbGFjZXMudjEuUGxhY2VzLlNlYXJjaFRleHQQAhgEIAA,https://www.kaketa.com/?utm_source=google&utm_medium=maps,宮城県,矯正歯科
クローバーデンタル,日本、〒010-0877 秋田県秋田市千秋矢留町６−３０ トーカン千秋鷹匠橋 １F,010-0877,3.9,92,https://maps.google.com/?cid=7881165610981089608&g_mp=Cidnb29nbGUubWFwcy5wbGFjZXMudjEuUGxhY2VzLlNlYXJjaFRleHQQAhgEIAA,https://www.cloverdental.com/,秋田県,小児歯科
むさしデンタルオフィス,日本、〒010-0912 秋田県秋田市保戸野通町４−８ 小山田ビル,010-0912,4.7,79,https://maps.google.com/?cid=13763307537718860390&g_mp=Cidnb29nbGUubWFwcy5wbGFjZXMudjEuUGxhY2VzLlNlYXJjaFRleHQQAhgEIAA,http://www.musashi-dent.jp/,秋田県,小児歯科
パール歯科クリニック,日本、〒010-0862 秋田県秋田市手形田中１２−３７,010-0862,4.7,83,https://maps.google.com/?cid=17985296762610807253&g_mp=Cidnb29nbGUubWFwcy5wbGFjZXMudjEuUGxhY2VzLlNlYXJjaFRleHQQAhgEIAA,https://pearl-shika-akita.com/,秋田県,小児歯科
医療法人BLESS さくら歯科医院 仙北市,日本、〒014-0372 秋田県仙北市角館町小館２８−１８,014-0372,4.9,122,https://maps.google.com/?cid=11798486478501929263&g_mp=Cidnb29nbGUubWFwcy5wbGFjZXMudjEuUGxhY2VzLlNlYXJjaFRleHQQAhgEIAA,https://sakura-oral-health.com/,秋田県,矯正歯科
ティーズデンタルオフィス 山形嶋南院,日本、〒990-0886 山形県山形市嶋南２丁目１３−１８,990-0886,4.5,295,https://maps.google.com/?cid=16625600186995234317&g_mp=Cidnb29nbGUubWFwcy5wbGFjZXMudjEuUGxhY2VzLlNlYXJjaFRleHQQAhgEIAA,http://tsdental.jp/?utm_source=gmb&utm_medium=organic&utm_campaign=website,山形県,小児歯科
まむろ歯科,日本、〒990-0813 山形県山形市桧町３丁目８−8番10,990-0813,4.4,143,https://maps.google.com/?cid=9349554177214543386&g_mp=Cidnb29nbGUubWFwcy5wbGFjZXMudjEuUGxhY2VzLlNlYXJjaFRleHQQAhgEIAA,https://www.mamuro-dental.com/,山形県,小児歯科
あきらデンタル・クリニック,日本、〒990-0810 山形県山形市馬見ケ崎１丁目２−３,990-0810,4.5,73,https://maps.google.com/?cid=11694809626420689342&g_mp=Cidnb29nbGUubWFwcy5wbGFjZXMudjEuUGxhY2VzLlNlYXJjaFRleHQQAhgEIAA,https://yamagata-shika.com/,山形県,小児歯科
タクヤデンタルクリニック 山形嶋北院,日本、〒990-0885 山形県山形市嶋北４丁目２−３３,990-0885,4.3,86,https://maps.google.com/?cid=5476482274667053026&g_mp=Cidnb29nbGUubWFwcy5wbGFjZXMudjEuUGxhY2VzLlNlYXJjaFRleHQQAhgEIAA,https://www.takuya-dental.com/?utm_source=gmb&utm_medium=organic&utm_campaign=website,山形県,小児歯科
永田歯科医院,日本、〒990-2313 山形県山形市松原３０３−１０,990-2313,4.8,196,https://maps.google.com/?cid=4918519691981572201&g_mp=Cidnb29nbGUubWFwcy5wbGFjZXMudjEuUGxhY2VzLlNlYXJjaFRleHQQAhgEIAA,https://ndc2230.jp/,山形県,小児歯科
ごとう歯科･矯正歯科クリニック,日本、〒990-0047 山形県山形市旅篭町３丁目３−４５,990-0047,4.3,150,https://maps.google.com/?cid=14240811895830574636&g_mp=Cidnb29nbGUubWFwcy5wbGFjZXMudjEuUGxhY2VzLlNlYXJjaFRleHQQAhgEIAA,https://www.goto-smile.com/,山形県,小児歯科
医療法人社団 尚和会 とがし歯科医院,日本、〒994-0012 山形県天童市久野本４丁目１４−３０,994-0012,4.1,59,https://maps.google.com/?cid=17930236807408103103&g_mp=Cidnb29nbGUubWFwcy5wbGFjZXMudjEuUGxhY2VzLlNlYXJjaFRleHQQAhgEIAA,https://www.togashi-dent.jp/,山形県,小児歯科
南館歯科クリニック・矯正歯科,日本、〒990-2461 山形県山形市南館３丁目２１−１,990-2461,4.6,103,https://maps.google.com/?cid=4478389270747796262&g_mp=Cidnb29nbGUubWFwcy5wbGFjZXMudjEuUGxhY2VzLlNlYXJjaFRleHQQAhgEIAA,https://www.minamidate-dental.com/,山形県,矯正歯科
米沢ファミリー歯科・矯正歯科,日本、〒992-0037 山形県米沢市本町３丁目１−４３ 矯正歯科 インビザライン マウスピース矯正,992-0037,4.6,77,https://maps.google.com/?cid=9647451928669230104&g_mp=Cidnb29nbGUubWFwcy5wbGFjZXMudjEuUGxhY2VzLlNlYXJjaFRleHQQAhgEIAA,http://www.yonezawafamily.jp/,山形県,矯正歯科
石田おさむ歯科医院,日本、〒997-0816 山形県鶴岡市文園町４−１０,997-0816,4.8,172,https://maps.google.com/?cid=16962664391121814930&g_mp=Cidnb29nbGUubWFwcy5wbGFjZXMudjEuUGxhY2VzLlNlYXJjaFRleHQQAhgEIAA,https://www.ishidaosamu.com/,山形県,矯正歯科
須賀川みらい歯科クリニック｜須賀川市 郡山市 インプラント 矯正 ホワイトニング,日本、〒962-0859 福島県須賀川市塚田１２５,962-0859,4.1,322,https://maps.google.com/?cid=5199922034227603728&g_mp=Cidnb29nbGUubWFwcy5wbGFjZXMudjEuUGxhY2VzLlNlYXJjaFRleHQQAhgEIAA,https://www.mdc-s.com/,福島県,小児歯科
アールエス矯正歯科,日本、〒963-8026 福島県郡山市並木１丁目２１−１１７,963-8026,4.9,96,https://maps.google.com/?cid=4921279279413307742&g_mp=Cidnb29nbGUubWFwcy5wbGFjZXMudjEuUGxhY2VzLlNlYXJjaFRleHQQAhgEIAA,https://www.rs-orthodontics.com/,福島県,矯正歯科
しんデンタルクリニック,日本、〒970-8047 福島県いわき市中央台高久２丁目１１−５,970-8047,4.7,164,https://maps.google.com/?cid=10036442930953546577&g_mp=Cidnb29nbGUubWFwcy5wbGFjZXMudjEuUGxhY2VzLlNlYXJjaFRleHQQAhgEIAA,https://www.shin-dental.jp/?utm_source=google&utm_medium=map&utm_campaign=gbp,福島県,矯正歯科
カーナデンタル＆ビューティークリニック,日本、〒960-8041 福島県福島市大町１−１６ カーナビル 2F,960-8041,4.4,121,https://maps.google.com/?cid=8145227751587847561&g_mp=Cidnb29nbGUubWFwcy5wbGFjZXMudjEuUGxhY2VzLlNlYXJjaFRleHQQAhgEIAA,https://carnabeauty.com/,福島県,矯正歯科
郡山ラポール歯科,日本、〒963-0209 福島県郡山市御前南５丁目７４,963-0209,4.1,58,https://maps.google.com/?cid=11024007225423941104&g_mp=Cidnb29nbGUubWFwcy5wbGFjZXMudjEuUGxhY2VzLlNlYXJjaFRleHQQAhgEIAA,https://www.rapport-dental.net/,福島県,矯正歯科
酒井歯科医院,日本、〒970-8043 福島県いわき市中央台鹿島３丁目12−１,970-8043,4.4,114,https://maps.google.com/?cid=15014548742835257962&g_mp=Cidnb29nbGUubWFwcy5wbGFjZXMudjEuUGxhY2VzLlNlYXJjaFRleHQQAhgEIAA,https://www.sakai-dent.com/,福島県,矯正歯科
石岡矯正歯科・小児歯科 茨城診療所,日本、〒315-0001 茨城県石岡市石岡２丁目6−２８,315-0001,4.9,370,https://maps.google.com/?cid=14677619979255620244&g_mp=Cidnb29nbGUubWFwcy5wbGFjZXMudjEuUGxhY2VzLlNlYXJjaFRleHQQAhgEIAA,http://www.ishiokadental.com/,茨城県,小児歯科
ながしま•おとなこども•シニア歯科,日本、〒311-0105 茨城県那珂市菅谷７６５−４,311-0105,4.1,67,https://maps.google.com/?cid=1391570404029777664&g_mp=Cidnb29nbGUubWFwcy5wbGFjZXMudjEuUGxhY2VzLlNlYXJjaFRleHQQAhgEIAA,https://www.nagashima-dental.com/,茨城県,小児歯科
つくばリボン歯科・矯正歯科 インプラント,日本、〒305-0033 茨城県つくば市東新井15−４ 関友つくばビル 1F,305-0033,4.8,410,https://maps.google.com/?cid=4933219672736259936&g_mp=Cidnb29nbGUubWFwcy5wbGFjZXMudjEuUGxhY2VzLlNlYXJjaFRleHQQAhgEIAA,https://ribon-shika.jp/tsukuba/,茨城県,小児歯科
シナジー歯科｜つくばの歯医者,日本、〒305-0031 茨城県つくば市吾妻２丁目4−１８ ディールつくば １階,305-0031,4.9,73,https://maps.google.com/?cid=17020621166731919558&g_mp=Cidnb29nbGUubWFwcy5wbGFjZXMudjEuUGxhY2VzLlNlYXJjaFRleHQQAhgEIAA,https://synergy-dc.jp/,茨城県,小児歯科
ウララ歯科クリニック,日本、〒300-0036 茨城県土浦市大和町９−２ ウララ2 204,300-0036,4.1,148,https://maps.google.com/?cid=14194873769685697279&g_mp=Cidnb29nbGUubWFwcy5wbGFjZXMudjEuUGxhY2VzLlNlYXJjaFRleHQQAhgEIAA,http://urala.com/,茨城県,小児歯科
いわいグリーン歯科・矯正歯科,日本、〒306-0632 茨城県坂東市辺田６３５−１,306-0632,4.5,156,https://maps.google.com/?cid=15818977886172372049&g_mp=Cidnb29nbGUubWFwcy5wbGFjZXMudjEuUGxhY2VzLlNlYXJjaFRleHQQAhgEIAA,http://www.iwai-green-shika.com/,茨城県,矯正歯科
荒井矯正歯科クリニック,日本、〒311-0105 茨城県那珂市菅谷４３８４−１,311-0105,4,66,https://maps.google.com/?cid=15213164987965118737&g_mp=Cidnb29nbGUubWFwcy5wbGFjZXMudjEuUGxhY2VzLlNlYXJjaFRleHQQAhgEIAA,http://arai-kyousei-shika.jp/,茨城県,矯正歯科
つくばホワイト歯科・矯正歯科,日本、〒305-0822 茨城県つくば市苅間１８８５−１,305-0822,4.4,110,https://maps.google.com/?cid=2418571465673322095&g_mp=Cidnb29nbGUubWFwcy5wbGFjZXMudjEuUGxhY2VzLlNlYXJjaFRleHQQAhgEIAA,http://4182jp.net/,茨城県,矯正歯科
つくば松代歯科・口腔外科・矯正歯科・小児歯科,日本、〒305-0056 茨城県つくば市松野木９５−４,305-0056,4.5,173,https://maps.google.com/?cid=11217720633328704526&g_mp=Cidnb29nbGUubWFwcy5wbGFjZXMudjEuUGxhY2VzLlNlYXJjaFRleHQQAhgEIAA,https://www.matsushiroshika.com/,茨城県,矯正歯科
アントラーズオーラルケアクリニック|つくば歯医者・矯正歯科・ホワイトニング,日本、〒305-0031 茨城県つくば市吾妻１丁目7−５,305-0031,4.8,78,https://maps.google.com/?cid=9201467949322192977&g_mp=Cidnb29nbGUubWFwcy5wbGFjZXMudjEuUGxhY2VzLlNlYXJjaFRleHQQAhgEIAA,https://tsukuba-antlers.oral-care.clinic/,茨城県,矯正歯科
イクシーファミリー口腔歯科・小児歯科・矯正歯科,日本、〒322-0029 栃木県鹿沼市西茂呂４丁目４１−２,322-0029,4.8,551,https://maps.google.com/?cid=8429548176628800627&g_mp=Cidnb29nbGUubWFwcy5wbGFjZXMudjEuUGxhY2VzLlNlYXJjaFRleHQQAhgEIAA,https://ixi.cc/?utm_source=google&utm_medium=map,栃木県,小児歯科
おかもとこどもおとな歯科,日本、〒329-1105 栃木県宇都宮市中岡本町金井久保３７１０−６２,329-1105,4.7,106,https://maps.google.com/?cid=3595820506441648795&g_mp=Cidnb29nbGUubWFwcy5wbGFjZXMudjEuUGxhY2VzLlNlYXJjaFRleHQQAhgEIAA,https://www.okamoto-kodomo.net/?utm_source=Google-Map&utm_medium=MEO-ONE,栃木県,小児歯科
足利おとなこども歯科・矯正歯科,日本、〒326-0831 栃木県足利市堀込町２４７４−１,326-0831,4.4,93,https://maps.google.com/?cid=5196512085538250623&g_mp=Cidnb29nbGUubWFwcy5wbGFjZXMudjEuUGxhY2VzLlNlYXJjaFRleHQQAhgEIAA,https://www.ashikagadental.com/,栃木県,小児歯科
おとなとこどもの歯医者さん 小野歯科,日本、〒329-2712 栃木県那須塩原市下永田７丁目７−１３２,329-2712,4.5,99,https://maps.google.com/?cid=4469547521586632976&g_mp=Cidnb29nbGUubWFwcy5wbGFjZXMudjEuUGxhY2VzLlNlYXJjaFRleHQQAhgEIAA,https://otonatokodomono.com/,栃木県,小児歯科
ココ歯科クリニック,日本、〒321-0113 栃木県宇都宮市砂田町６６０−２,321-0113,4.1,109,https://maps.google.com/?cid=4442988992500781449&g_mp=Cidnb29nbGUubWFwcy5wbGFjZXMudjEuUGxhY2VzLlNlYXJjaFRleHQQAhgEIAA,https://www.cocosika.com/,栃木県,小児歯科
長谷川みらい歯科・矯正歯科,日本、〒329-1105 栃木県宇都宮市中岡本町３７１０−９４,329-1105,4.4,92,https://maps.google.com/?cid=4075170057354702798&g_mp=Cidnb29nbGUubWFwcy5wbGFjZXMudjEuUGxhY2VzLlNlYXJjaFRleHQQAhgEIAA,https://mirai-dc.jp/?utm_source=Google&utm_medium=maps,栃木県,小児歯科
畠山医科歯科クリニック,日本、〒328-0012 栃木県栃木市平柳町２丁目１２−３９,328-0012,4,51,https://maps.google.com/?cid=15495434321520590014&g_mp=Cidnb29nbGUubWFwcy5wbGFjZXMudjEuUGxhY2VzLlNlYXJjaFRleHQQAhgEIAA,https://www.hatakeyama-mdclinic.com/,栃木県,小児歯科
宇都宮矯正歯科,日本、〒320-0026 栃木県宇都宮市馬場通り２丁目３−６ 1F,320-0026,4.8,564,https://maps.google.com/?cid=16349757299579284171&g_mp=Cidnb29nbGUubWFwcy5wbGFjZXMudjEuUGxhY2VzLlNlYXJjaFRleHQQAhgEIAA,https://utsunomiyakyoseishika.com/,栃木県,矯正歯科
くにい歯科・矯正歯科,日本、〒320-0072 栃木県宇都宮市若草３丁目１−８,320-0072,4.5,148,https://maps.google.com/?cid=16396061167790137408&g_mp=Cidnb29nbGUubWFwcy5wbGFjZXMudjEuUGxhY2VzLlNlYXJjaFRleHQQAhgEIAA,https://921dental.com/,栃木県,矯正歯科
むらかみ歯科・矯正歯科,日本、〒326-0338 栃木県足利市福居町８４９−１,326-0338,4.9,221,https://maps.google.com/?cid=16053324267501037513&g_mp=Cidnb29nbGUubWFwcy5wbGFjZXMudjEuUGxhY2VzLlNlYXJjaFRleHQQAhgEIAA,https://www.happysmile-mdc.com/,栃木県,矯正歯科
宇津矯正歯科医院,日本、〒321-0954 栃木県宇都宮市元今泉４丁目８−２２ DSビル 3F,321-0954,4.2,60,https://maps.google.com/?cid=12346718906943465876&g_mp=Cidnb29nbGUubWFwcy5wbGFjZXMudjEuUGxhY2VzLlNlYXJjaFRleHQQAhgEIAA,https://www.utsu-orthodonticoffice.jp/,栃木県,矯正歯科
矯正歯科ポリリン酸ホワイトニング,日本、〒320-0026 栃木県宇都宮市馬場通り２丁目３−６ 真清館ビル 2階,320-0026,4.9,94,https://maps.google.com/?cid=17926554520680146442&g_mp=Cidnb29nbGUubWFwcy5wbGFjZXMudjEuUGxhY2VzLlNlYXJjaFRleHQQAhgEIAA,https://utsunomiyakyoseishika.com/musee/,栃木県,矯正歯科
宇都宮歯科,日本、〒320-0861 栃木県宇都宮市西２丁目１−１１,320-0861,4.4,599,https://maps.google.com/?cid=10994920824486914470&g_mp=Cidnb29nbGUubWFwcy5wbGFjZXMudjEuUGxhY2VzLlNlYXJjaFRleHQQAhgEIAA,https://horie-dentalclinic.com/,栃木県,矯正歯科
なかの歯科・矯正歯科クリニック／なかの KIDS デンタル,日本、〒321-3311 栃木県芳賀郡芳賀町上延生５３３−１,321-3311,4.2,82,https://maps.google.com/?cid=2610984786188926883&g_mp=Cidnb29nbGUubWFwcy5wbGFjZXMudjEuUGxhY2VzLlNlYXJjaFRleHQQAhgEIAA,http://www.haga-nakanoshika.com/,栃木県,矯正歯科
歯科あべクリニック 矯正歯科 小児歯科 口腔外科,日本、〒326-0831 栃木県足利市堀込町２０２３−３,326-0831,4.5,147,https://maps.google.com/?cid=14965063736715470569&g_mp=Cidnb29nbGUubWFwcy5wbGFjZXMudjEuUGxhY2VzLlNlYXJjaFRleHQQAhgEIAA,http://418dental-abe.com/,栃木県,矯正歯科
高崎おとなこども歯科・矯正歯科 高崎オーパ院,日本、〒370-0849 群馬県高崎市八島町４６−１ 高崎オーパ 8F,370-0849,4.7,58,https://maps.google.com/?cid=2421582705140776020&g_mp=Cidnb29nbGUubWFwcy5wbGFjZXMudjEuUGxhY2VzLlNlYXJjaFRleHQQAhgEIAA,https://www.takasakidental.com/,群馬県,小児歯科
エース歯科,日本、〒370-3602 群馬県北群馬郡吉岡町大久保１１２−５,370-3602,4.6,145,https://maps.google.com/?cid=1523592195608600570&g_mp=Cidnb29nbGUubWFwcy5wbGFjZXMudjEuUGxhY2VzLlNlYXJjaFRleHQQAhgEIAA,http://www.ace-dent.jp/,群馬県,小児歯科
長島歯科・矯正歯科,日本、〒371-0844 群馬県前橋市古市町２丁目４−１,371-0844,4.4,144,https://maps.google.com/?cid=1162008925365600601&g_mp=Cidnb29nbGUubWFwcy5wbGFjZXMudjEuUGxhY2VzLlNlYXJjaFRleHQQAhgEIAA,http://www.nagashima-kyousei.com/?utm_source=Google&utm_medium=map,群馬県,小児歯科
尾島デンタルクリニック,日本、〒373-0844 群馬県太田市下田島町１０４９,373-0844,4.4,222,https://maps.google.com/?cid=3537162530028828420&g_mp=Cidnb29nbGUubWFwcy5wbGFjZXMudjEuUGxhY2VzLlNlYXJjaFRleHQQAhgEIAA,https://www.ojimadental.com/,群馬県,小児歯科
医療法人なかじま歯科クリニック,日本、〒371-0044 群馬県前橋市荒牧町２丁目19−１６,371-0044,4.3,50,https://maps.google.com/?cid=18431862812616358126&g_mp=Cidnb29nbGUubWFwcy5wbGFjZXMudjEuUGxhY2VzLlNlYXJjaFRleHQQAhgEIAA,https://www.nakajima-dental.jp/,群馬県,小児歯科
まつい歯科クリニック北高崎,日本、〒370-0069 群馬県高崎市飯塚町７３９−２５,370-0069,4.1,58,https://maps.google.com/?cid=6086469204906529219&g_mp=Cidnb29nbGUubWFwcy5wbGFjZXMudjEuUGxhY2VzLlNlYXJjaFRleHQQAhgEIAA,https://www.matsuisikakitatakasaki.com/,群馬県,小児歯科
野中歯科・矯正歯科,日本、〒371-0013 群馬県前橋市西片貝町１丁目３１１−７,371-0013,4.6,111,https://maps.google.com/?cid=11023581707879513745&g_mp=Cidnb29nbGUubWFwcy5wbGFjZXMudjEuUGxhY2VzLlNlYXJjaFRleHQQAhgEIAA,https://nonaka-shika.com/?utm_source=google&utm_medium=maps,群馬県,小児歯科
前橋かんだ歯科・矯正歯科,日本、〒371-0804 群馬県前橋市六供町５丁目2−６,371-0804,4.5,133,https://maps.google.com/?cid=2811592086188259255&g_mp=Cidnb29nbGUubWFwcy5wbGFjZXMudjEuUGxhY2VzLlNlYXJjaFRleHQQAhgEIAA,https://kandadental.jp/,群馬県,矯正歯科
さいたま・こども矯正歯科,日本、〒330-0062 埼玉県さいたま市浦和区仲町１丁目１−６ 浦和平和ビル 1階,330-0062,4.8,338,https://maps.google.com/?cid=10370609280110099426&g_mp=Cidnb29nbGUubWFwcy5wbGFjZXMudjEuUGxhY2VzLlNlYXJjaFRleHQQAhgEIAA,https://www.tabo-shika.com/kodomo/,埼玉県,小児歯科
川口おとなこども歯科 ママとこどものはいしゃさんアリオ川口院,日本、〒332-0033 埼玉県川口市並木元町１−７９ アリオ川口 3階,332-0033,4.5,58,https://maps.google.com/?cid=5546688906979158368&g_mp=Cidnb29nbGUubWFwcy5wbGFjZXMudjEuUGxhY2VzLlNlYXJjaFRleHQQAhgEIAA,https://ok-shika.com/,埼玉県,小児歯科
しらこばと歯科,日本、〒336-0917 埼玉県さいたま市緑区芝原１丁目5−１６ イーストパークURAWAⅢ A号,336-0917,4.6,81,https://maps.google.com/?cid=15960172741935772113&g_mp=Cidnb29nbGUubWFwcy5wbGFjZXMudjEuUGxhY2VzLlNlYXJjaFRleHQQAhgEIAA,https://kobato-dental.com/,埼玉県,小児歯科
ニコデンタルクリニック,日本、〒332-0017 埼玉県川口市栄町３丁目５−１ 川口 ミツワビル 3階,332-0017,4.2,173,https://maps.google.com/?cid=6385330364652561250&g_mp=Cidnb29nbGUubWFwcy5wbGFjZXMudjEuUGxhY2VzLlNlYXJjaFRleHQQAhgEIAA,http://www.nico-dental.jp/,埼玉県,小児歯科
LeaLea歯科・矯正歯科クリニック,日本、〒340-0816 埼玉県八潮市中央１丁目２９−６,340-0816,4.7,268,https://maps.google.com/?cid=6932756950211768620&g_mp=Cidnb29nbGUubWFwcy5wbGFjZXMudjEuUGxhY2VzLlNlYXJjaFRleHQQAhgEIAA,https://yashio-haisha.dental/?utm_source=google&utm_medium=my_business&utm_campaign=top,埼玉県,小児歯科
イクティス歯科クリニック,日本、〒331-0804 埼玉県さいたま市北区土呂町２丁目１７−１,331-0804,4.6,285,https://maps.google.com/?cid=5625997208057110241&g_mp=Cidnb29nbGUubWFwcy5wbGFjZXMudjEuUGxhY2VzLlNlYXJjaFRleHQQAhgEIAA,http://ikuteeth.com/,埼玉県,小児歯科
関口デンタルオフィス埼玉,日本、〒331-0812 埼玉県さいたま市北区宮原町４丁目１３４−２４,331-0812,4.7,148,https://maps.google.com/?cid=5970625711188534989&g_mp=Cidnb29nbGUubWFwcy5wbGFjZXMudjEuUGxhY2VzLlNlYXJjaFRleHQQAhgEIAA,https://sekiguchi-dof.com/?utm_source=google&utm_medium=maps,埼玉県,小児歯科
オレンジ歯科 西武所沢店,日本、〒359-1123 埼玉県所沢市日吉町１２−１ 西武所沢Ｓ.Ｃ ８階,359-1123,4.7,840,https://maps.google.com/?cid=11916368833675071683&g_mp=Cidnb29nbGUubWFwcy5wbGFjZXMudjEuUGxhY2VzLlNlYXJjaFRleHQQAhgEIAA,http://www.orange-dc.com/,埼玉県,小児歯科
大宮駅前矯正歯科クリニック,日本、〒330-0854 埼玉県さいたま市大宮区桜木町２丁目1−１ 大宮アルシェ B1F,330-0854,4.8,449,https://maps.google.com/?cid=2222355042726773480&g_mp=Cidnb29nbGUubWFwcy5wbGFjZXMudjEuUGxhY2VzLlNlYXJjaFRleHQQAhgEIAA,https://dd-dentalclinic.jp/lp/ddd/lp01/?ads=a-ahd_p-orthodontics_s-google_m-maps_o-reserve_d-organicfeed_omiyac-cv_1&utm_source=google&utm_medium=maps&utm_campaign=a-ahd_p-orthodontics_s-google_m-maps_o-reserve_d-organicfeed_omiyac-cv_1,埼玉県,矯正歯科
大宮歯科・矯正歯科,日本、〒330-0846 埼玉県さいたま市大宮区大門町２丁目118番地 大宮門街 4階,330-0846,4.7,565,https://maps.google.com/?cid=4346006575900693855&g_mp=Cidnb29nbGUubWFwcy5wbGFjZXMudjEuUGxhY2VzLlNlYXJjaFRleHQQAhgEIAA,https://omiyashika-kyouseishika.com/,埼玉県,矯正歯科
浦和もちまる歯科・矯正歯科クリニック,日本、〒330-0063 埼玉県さいたま市浦和区高砂２丁目６−１０ 柳屋ビル 2F,330-0063,4.4,342,https://maps.google.com/?cid=4128408133685157755&g_mp=Cidnb29nbGUubWFwcy5wbGFjZXMudjEuUGxhY2VzLlNlYXJjaFRleHQQAhgEIAA,https://www.mochimaru-shika.com/,埼玉県,矯正歯科
蕨歯科・矯正歯科,日本、〒335-0004 埼玉県蕨市中央３丁目２−１ グレイス柳橋 1F,335-0004,4.6,323,https://maps.google.com/?cid=9728021545156384087&g_mp=Cidnb29nbGUubWFwcy5wbGFjZXMudjEuUGxhY2VzLlNlYXJjaFRleHQQAhgEIAA,https://www.warabi-dental.net/,埼玉県,矯正歯科
武蔵浦和歯科・矯正歯科,"日本、〒336-0027 埼玉県さいたま市南区沼影１丁目８−１８ ザ・マーケットプレイス武蔵浦和, ４F",336-0027,4.6,171,https://maps.google.com/?cid=10214239438100558650&g_mp=Cidnb29nbGUubWFwcy5wbGFjZXMudjEuUGxhY2VzLlNlYXJjaFRleHQQAhgEIAA,https://musashi-urawa-dental.com/,埼玉県,矯正歯科
川口リボンシティ歯科・矯正歯科 インプラント,日本、〒332-0033 埼玉県川口市並木元町１−６５ リボンシティコミュニティー 1階,332-0033,4.6,362,https://maps.google.com/?cid=7532644545311554963&g_mp=Cidnb29nbGUubWFwcy5wbGFjZXMudjEuUGxhY2VzLlNlYXJjaFRleHQQAhgEIAA,https://ribon-shika.jp/kawaguchi/,埼玉県,矯正歯科
飯能矯正歯科クリニック,日本、〒357-0021 埼玉県飯能市双柳１２４８,357-0021,4.8,70,https://maps.google.com/?cid=7474655130461522360&g_mp=Cidnb29nbGUubWFwcy5wbGFjZXMudjEuUGxhY2VzLlNlYXJjaFRleHQQAhgEIAA,https://www.hanno-ortho.com/,埼玉県,矯正歯科
大宮SHIN矯正歯科,日本、〒330-0854 埼玉県さいたま市大宮区桜木町１丁目1−１２ NYビル 3F,330-0854,4.6,276,https://maps.google.com/?cid=8688677240698135730&g_mp=Cidnb29nbGUubWFwcy5wbGFjZXMudjEuUGxhY2VzLlNlYXJjaFRleHQQAhgEIAA,https://shin-ortho.com/?utm_source=google&utm_medium=map,埼玉県,矯正歯科
ファミリア歯科矯正,日本、〒330-0854 埼玉県さいたま市大宮区桜木町１丁目７−５ 大宮ソニックシティ 12F,330-0854,4.7,63,https://maps.google.com/?cid=11065664671023099132&g_mp=Cidnb29nbGUubWFwcy5wbGFjZXMudjEuUGxhY2VzLlNlYXJjaFRleHQQAhgEIAA,http://www.familia-ortho.or.jp/,埼玉県,矯正歯科
大宮リボン歯科・矯正歯科 インプラント,日本、〒330-0846 埼玉県さいたま市大宮区大門町１丁目２６ アイ大宮東ビル 3F,330-0846,4.9,69,https://maps.google.com/?cid=16380474824655717998&g_mp=Cidnb29nbGUubWFwcy5wbGFjZXMudjEuUGxhY2VzLlNlYXJjaFRleHQQAhgEIAA,https://ribon-shika.jp/omiya/,埼玉県,矯正歯科
マロニエ矯正歯科クリニック,日本、〒340-0034 埼玉県草加市氷川町2121−５ ケイユービル 5階,340-0034,4.1,140,https://maps.google.com/?cid=15212012428032341120&g_mp=Cidnb29nbGUubWFwcy5wbGFjZXMudjEuUGxhY2VzLlNlYXJjaFRleHQQAhgEIAA,https://www.marronnier-kyousei.com/,埼玉県,矯正歯科
デンタルヘルスケア矯正歯科 浦和,日本、〒330-0056 埼玉県さいたま市浦和区東仲町２５−５−１ バティマE 3階 301,330-0056,4.9,101,https://maps.google.com/?cid=6053401524773056214&g_mp=Cidnb29nbGUubWFwcy5wbGFjZXMudjEuUGxhY2VzLlNlYXJjaFRleHQQAhgEIAA,https://urawa-orthodontics.dhc.or.jp/?utm_source=google&utm_medium=organic&utm_campaign=map,埼玉県,矯正歯科
志木駅前歯科・矯正歯科,日本、〒352-0001 埼玉県新座市東北２丁目３０−３０ 21TAIRAYA志木 店3F,352-0001,4.7,370,https://maps.google.com/?cid=9932302655745605459&g_mp=Cidnb29nbGUubWFwcy5wbGFjZXMudjEuUGxhY2VzLlNlYXJjaFRleHQQAhgEIAA,http://www.shiki-ekimae.com/,埼玉県,矯正歯科
