医院名,住所,郵便番号,評価,口コミ件数,Google Maps URL,公式ウェブサイト,都道府県,診療科目
ひで歯科クリニック 矯正歯科・こども歯科,日本、〒753-0074 山口県山口市中央４丁目１−１,753-0074,4.6,491,https://maps.google.com/?cid=14859901617514358256&g_mp=Cidnb29nbGUubWFwcy5wbGFjZXMudjEuUGxhY2VzLlNlYXJjaFRleHQQAhgEIAA,https://hide-dent.com/,山口県,小児歯科
ママとこどものはいしゃさん山口道場門前院 ＭＫデンタルオフィス,日本、〒753-0047 山口県山口市道場門前１丁目１−１８ パークビル 2F どうもん,753-0047,4.7,77,https://maps.google.com/?cid=872639527779588583&g_mp=Cidnb29nbGUubWFwcy5wbGFjZXMudjEuUGxhY2VzLlNlYXJjaFRleHQQAhgEIAA,http://www.mk-dentaloffice.com/,山口県,小児歯科
やまもと歯科クリニック,日本、〒753-0813 山口県山口市吉敷中東３丁目１−１,753-0813,4.4,82,https://maps.google.com/?cid=14075958390846794229&g_mp=Cidnb29nbGUubWFwcy5wbGFjZXMudjEuUGxhY2VzLlNlYXJjaFRleHQQAhgEIAA,http://www.y-dc.info/,山口県,小児歯科
ローズデンタルクリニック山口,日本、〒754-0026 山口県山口市小郡栄町２−１,754-0026,4.4,87,https://maps.google.com/?cid=10325643578889074447&g_mp=Cidnb29nbGUubWFwcy5wbGFjZXMudjEuUGxhY2VzLlNlYXJjaFRleHQQAhgEIAA,http://rose-med.com/,山口県,小児歯科
ワハハキッズデンタルランド&おとな歯科,日本、〒745-0809 山口県周南市久米中央５丁目８−8番1号,745-0809,4.3,155,https://maps.google.com/?cid=1810564851923136539&g_mp=Cidnb29nbGUubWFwcy5wbGFjZXMudjEuUGxhY2VzLlNlYXJjaFRleHQQAhgEIAA,http://todadc.com/,山口県,小児歯科
つぼい歯科クリニック おとなこども矯正歯科,日本、〒740-0034 山口県岩国市南岩国町２丁目７８−３６,740-0034,4.7,158,https://maps.google.com/?cid=3205656497651260745&g_mp=Cidnb29nbGUubWFwcy5wbGFjZXMudjEuUGxhY2VzLlNlYXJjaFRleHQQAhgEIAA,https://tsuboidental.com/,山口県,小児歯科
みやわき矯正歯科クリニック・新山口オフィス,日本、〒753-0861 山口県山口市矢原１１８０,753-0861,4.4,53,https://maps.google.com/?cid=13885896214939078136&g_mp=Cidnb29nbGUubWFwcy5wbGFjZXMudjEuUGxhY2VzLlNlYXJjaFRleHQQAhgEIAA,https://www.miya-ortho.com/,山口県,矯正歯科
宇部歯科・矯正歯科アールクリニック,日本、〒755-0151 山口県宇部市西岐波東原１２２７,755-0151,4.8,75,https://maps.google.com/?cid=11411725134912824276&g_mp=Cidnb29nbGUubWFwcy5wbGFjZXMudjEuUGxhY2VzLlNlYXJjaFRleHQQAhgEIAA,https://www.oriryu.com/,山口県,矯正歯科
アイリーデンタルクリニック,日本、〒754-0021 山口県山口市小郡黄金町７−６６ 山本ビル 2F,754-0021,4.9,156,https://maps.google.com/?cid=8673008369667095981&g_mp=Cidnb29nbGUubWFwcy5wbGFjZXMudjEuUGxhY2VzLlNlYXJjaFRleHQQAhgEIAA,http://yamaguchi-white.com/,山口県,矯正歯科
徳山駅前矯正歯科,日本、〒745-0032 山口県周南市銀座１丁目31番 2F,745-0032,4.9,119,https://maps.google.com/?cid=12362709247351127228&g_mp=Cidnb29nbGUubWFwcy5wbGFjZXMudjEuUGxhY2VzLlNlYXJjaFRleHQQAhgEIAA,https://tokuyama-kyosei.com/,山口県,矯正歯科
やない歯科・矯正歯科,日本、〒742-0031 山口県柳井市南町２丁目５−１６,742-0031,4.6,92,https://maps.google.com/?cid=4671185035986809111&g_mp=Cidnb29nbGUubWFwcy5wbGFjZXMudjEuUGxhY2VzLlNlYXJjaFRleHQQAhgEIAA,https://www.eishinkai.jp/,山口県,矯正歯科
医療法人 敬清会 公園通り歯科,日本、〒756-0814 山口県山陽小野田市千代町１丁目８−２６,756-0814,4.8,163,https://maps.google.com/?cid=5559457173204994728&g_mp=Cidnb29nbGUubWFwcy5wbGFjZXMudjEuUGxhY2VzLlNlYXJjaFRleHQQAhgEIAA,https://www.koendori-sika.com/?utm_source=google&utm_medium=map&utm_campaign=map,山口県,矯正歯科
あわ歯科こども歯科クリニック,日本、〒770-0021 徳島県徳島市佐古一番町５−２３,770-0021,4.5,77,https://maps.google.com/?cid=16410935216988641821&g_mp=Cidnb29nbGUubWFwcy5wbGFjZXMudjEuUGxhY2VzLlNlYXJjaFRleHQQAhgEIAA,https://ourandkids.com/,徳島県,小児歯科
南庄町こどもおとな歯科クリニック,日本、〒770-0045 徳島県徳島市南庄町５丁目６１−２３,770-0045,4.6,107,https://maps.google.com/?cid=4022845671536134500&g_mp=Cidnb29nbGUubWFwcy5wbGFjZXMudjEuUGxhY2VzLlNlYXJjaFRleHQQAhgEIAA,https://kodomo-otona-dc.com/,徳島県,小児歯科
さむらデンタルクリニック,日本、〒770-0012 徳島県徳島市北佐古二番町２−４０,770-0012,4.6,235,https://maps.google.com/?cid=11659160591236057811&g_mp=Cidnb29nbGUubWFwcy5wbGFjZXMudjEuUGxhY2VzLlNlYXJjaFRleHQQAhgEIAA,https://samura-dentist.com/,徳島県,小児歯科
キースおとなこども歯科二軒屋（旧：花みずき デンタルオフィス二軒屋）,日本、〒770-8063 徳島県徳島市南二軒屋町１丁目２−１２,770-8063,4.6,82,https://maps.google.com/?cid=11314120509939143657&g_mp=Cidnb29nbGUubWFwcy5wbGFjZXMudjEuUGxhY2VzLlNlYXJjaFRleHQQAhgEIAA,https://shinsei-kai.jp/nikenya,徳島県,小児歯科
医療法人 藍想会 三谷ファミリー歯科クリニック,日本、〒770-0944 徳島県徳島市南昭和町１丁目２３ 4階 訪問歯科 歯周病 小児矯正 小児歯科,770-0944,4.7,224,https://maps.google.com/?cid=11605103791898959073&g_mp=Cidnb29nbGUubWFwcy5wbGFjZXMudjEuUGxhY2VzLlNlYXJjaFRleHQQAhgEIAA,http://mf-dental-c.com/,徳島県,小児歯科
医療法人 ひかり歯科クリニック,日本、〒770-8025 徳島県徳島市三軒屋町外２４−１９,770-8025,4.5,138,https://maps.google.com/?cid=646501429087268398&g_mp=Cidnb29nbGUubWFwcy5wbGFjZXMudjEuUGxhY2VzLlNlYXJjaFRleHQQAhgEIAA,http://hikari-dentalclinic.jp/,徳島県,小児歯科
喜多デンタルクリニック,日本、〒770-8052 徳島県徳島市沖浜３丁目６４,770-8052,4.6,148,https://maps.google.com/?cid=17258353356811155035&g_mp=Cidnb29nbGUubWFwcy5wbGFjZXMudjEuUGxhY2VzLlNlYXJjaFRleHQQAhgEIAA,https://www.kita-dc.jp/,徳島県,小児歯科
八幡歯科医院｜ママとこどものはいしゃさん,日本、〒779-1102 徳島県阿南市羽ノ浦町宮倉日開元１９−１８,779-1102,4.6,168,https://maps.google.com/?cid=2123112931418645961&g_mp=Cidnb29nbGUubWFwcy5wbGFjZXMudjEuUGxhY2VzLlNlYXJjaFRleHQQAhgEIAA,https://www.yahatashika.jp/?utm_source=google&utm_medium=map,徳島県,小児歯科
和田歯科医院,日本、〒779-0302 徳島県鳴門市大麻町大谷久原７５−１,779-0302,4.6,221,https://maps.google.com/?cid=7328234186876238035&g_mp=Cidnb29nbGUubWFwcy5wbGFjZXMudjEuUGxhY2VzLlNlYXJjaFRleHQQAhgEIAA,https://tokushima-dental.com/,徳島県,小児歯科
医療法人すずき歯科,日本、〒770-0861 徳島県徳島市住吉６丁目１−９,770-0861,4.2,108,https://maps.google.com/?cid=17942210909761211003&g_mp=Cidnb29nbGUubWFwcy5wbGFjZXMudjEuUGxhY2VzLlNlYXJjaFRleHQQAhgEIAA,http://www.tokushima-dent.jp/,徳島県,矯正歯科
斎藤歯科医院,日本、〒771-1265 徳島県板野郡藍住町住吉神蔵２０９−１,771-1265,4.1,154,https://maps.google.com/?cid=8650832500649050524&g_mp=Cidnb29nbGUubWFwcy5wbGFjZXMudjEuUGxhY2VzLlNlYXJjaFRleHQQAhgEIAA,http://www.saito-d.jp/,徳島県,矯正歯科
ごうだおとなこども歯科,日本、〒769-0206 香川県綾歌郡宇多津町浜六番丁８２−３,769-0206,4.6,836,https://maps.google.com/?cid=13190881418175414945&g_mp=Cidnb29nbGUubWFwcy5wbGFjZXMudjEuUGxhY2VzLlNlYXJjaFRleHQQAhgEIAA,https://gouda-dental.com/about-clinic/gouda-otonakodomo/,香川県,小児歯科
みどりの歯科医院,日本、〒762-0043 香川県坂出市寿町１丁目２−６,762-0043,4.8,176,https://maps.google.com/?cid=9216770046792048269&g_mp=Cidnb29nbGUubWFwcy5wbGFjZXMudjEuUGxhY2VzLlNlYXJjaFRleHQQAhgEIAA,http://www.midorino-dc.com/,香川県,小児歯科
空と海の歯科クリニック,日本、〒765-0012 香川県善通寺市上吉田町１８２−４,765-0012,4.5,127,https://maps.google.com/?cid=3423363016710624401&g_mp=Cidnb29nbGUubWFwcy5wbGFjZXMudjEuUGxhY2VzLlNlYXJjaFRleHQQAhgEIAA,http://www.soraumi-dc.com/,香川県,小児歯科
ごうだOCEAN歯科,日本、〒769-0223 香川県綾歌郡宇多津町新開２３７５−２,769-0223,4.6,71,https://maps.google.com/?cid=4471635962824265655&g_mp=Cidnb29nbGUubWFwcy5wbGFjZXMudjEuUGxhY2VzLlNlYXJjaFRleHQQAhgEIAA,https://gouda-dental.com/about-clinic/gouda-ocean/,香川県,小児歯科
サンシャイン歯科,日本、〒761-8075 香川県高松市多肥下町１５６２−１５,761-8075,4.1,169,https://maps.google.com/?cid=17991638483491581271&g_mp=Cidnb29nbGUubWFwcy5wbGFjZXMudjEuUGxhY2VzLlNlYXJjaFRleHQQAhgEIAA,http://www.sunshine-shika.com/,香川県,小児歯科
たかまつファミリー歯科医院,日本、〒761-0101 香川県高松市春日町１３９３−８,761-0101,4.5,75,https://maps.google.com/?cid=7523603274034609504&g_mp=Cidnb29nbGUubWFwcy5wbGFjZXMudjEuUGxhY2VzLlNlYXJjaFRleHQQAhgEIAA,https://takamatsu-familydc.com/,香川県,小児歯科
プライム総合歯科クリニック,日本、〒761-8076 香川県高松市多肥上町 字松林1292-1,761-8076,4.7,58,https://maps.google.com/?cid=15773050844986919989&g_mp=Cidnb29nbGUubWFwcy5wbGFjZXMudjEuUGxhY2VzLlNlYXJjaFRleHQQAhgEIAA,https://www.prime-dentistry.com/,香川県,小児歯科
しん治歯科医院,日本、〒761-0123 香川県高松市牟礼町原594番地1,761-0123,4.4,81,https://maps.google.com/?cid=16164122083753975245&g_mp=Cidnb29nbGUubWFwcy5wbGFjZXMudjEuUGxhY2VzLlNlYXJjaFRleHQQAhgEIAA,http://shinji-shika.jp/?utm_source=google&utm_medium=maps,香川県,小児歯科
こうざと矯正歯科クリニック,日本、〒762-0032 香川県坂出市駒止町１丁目４−２,762-0032,4.6,66,https://maps.google.com/?cid=4390736361277655701&g_mp=Cidnb29nbGUubWFwcy5wbGFjZXMudjEuUGxhY2VzLlNlYXJjaFRleHQQAhgEIAA,https://www.kouzatokyousei.com/,香川県,矯正歯科
高松イイハ歯科,日本、〒761-8071 香川県高松市伏石町２１３７−２０,761-8071,4.7,85,https://maps.google.com/?cid=17699093866898150117&g_mp=Cidnb29nbGUubWFwcy5wbGFjZXMudjEuUGxhY2VzLlNlYXJjaFRleHQQAhgEIAA,https://www.118shika.com/,香川県,矯正歯科
