医院名,住所,郵便番号,評価,口コミ件数,Google Maps URL,公式ウェブサイト,都道府県,診療科目
とも歯科クリニック,日本、〒514-0101 三重県津市白塚町２２８８−１,514-0101,4.6,246,https://maps.google.com/?cid=7479607427527949113&g_mp=Cidnb29nbGUubWFwcy5wbGFjZXMudjEuUGxhY2VzLlNlYXJjaFRleHQQAhgEIAA,https://www.tomoshika.jp/,三重県,小児歯科
医療法人にいみ歯科・矯正歯科,日本、〒510-0062 三重県四日市市北浜田町３−５,510-0062,4.7,433,https://maps.google.com/?cid=18147956528940535737&g_mp=Cidnb29nbGUubWFwcy5wbGFjZXMudjEuUGxhY2VzLlNlYXJjaFRleHQQAhgEIAA,https://www.niimi-shika.com/,三重県,小児歯科
医療法人にじいろ くろい歯科クリニック,日本、〒519-2181 三重県多気郡多気町相可西巡り−７９３−５,519-2181,4.7,65,https://maps.google.com/?cid=15049337158524025163&g_mp=Cidnb29nbGUubWFwcy5wbGFjZXMudjEuUGxhY2VzLlNlYXJjaFRleHQQAhgEIAA,http://www.kuroi-dc.com/,三重県,小児歯科
杉原歯科,日本、〒516-0002 三重県伊勢市馬瀬町３５２−２,516-0002,4.8,119,https://maps.google.com/?cid=15197011306311248708&g_mp=Cidnb29nbGUubWFwcy5wbGFjZXMudjEuUGxhY2VzLlNlYXJjaFRleHQQAhgEIAA,http://www.sugiharashika.com/,三重県,小児歯科
せがわ歯科クリニック 伊賀市 歯医者/予防歯科,日本、〒518-0013 三重県伊賀市東条７５−１,518-0013,4.6,75,https://maps.google.com/?cid=6735031043174499736&g_mp=Cidnb29nbGUubWFwcy5wbGFjZXMudjEuUGxhY2VzLlNlYXJjaFRleHQQAhgEIAA,http://segawa-d.jp/,三重県,小児歯科
峰歯科・矯正歯科クリニック,日本、〒518-0878 三重県伊賀市上野西大手町３５９８,518-0878,4.3,86,https://maps.google.com/?cid=8782880833976132333&g_mp=Cidnb29nbGUubWFwcy5wbGFjZXMudjEuUGxhY2VzLlNlYXJjaFRleHQQAhgEIAA,https://www.minesika.com/?utm_source=Google&utm_medium=map,三重県,小児歯科
名張かめい歯科・矯正歯科,日本、〒518-0465 三重県名張市赤目町丈六４４９−１,518-0465,4.7,246,https://maps.google.com/?cid=15823039470397418979&g_mp=Cidnb29nbGUubWFwcy5wbGFjZXMudjEuUGxhY2VzLlNlYXJjaFRleHQQAhgEIAA,http://kamei-dentalclinic.com/,三重県,小児歯科
津のまち矯正歯科,日本、〒514-0004 三重県津市栄町４丁目５９９,514-0004,4.5,129,https://maps.google.com/?cid=13744521810639851213&g_mp=Cidnb29nbGUubWFwcy5wbGFjZXMudjEuUGxhY2VzLlNlYXJjaFRleHQQAhgEIAA,https://www.tsunomachi.jp/,三重県,矯正歯科
きくち矯正歯科,日本、〒516-0804 三重県伊勢市御薗町長屋２０６１−２,516-0804,4.8,67,https://maps.google.com/?cid=14669308095129664124&g_mp=Cidnb29nbGUubWFwcy5wbGFjZXMudjEuUGxhY2VzLlNlYXJjaFRleHQQAhgEIAA,http://www.k-kikuchi.com/,三重県,矯正歯科
プルチーノ歯科・矯正歯科 四日市,日本、〒510-0883 三重県四日市市泊小柳町４−５ イオンタウン四日市泊 1F,510-0883,4.6,150,https://maps.google.com/?cid=925250574074921630&g_mp=Cidnb29nbGUubWFwcy5wbGFjZXMudjEuUGxhY2VzLlNlYXJjaFRleHQQAhgEIAA,https://www.pulcino-yokkaichi.com/?utm_source=GMB,三重県,矯正歯科
宇治山田歯科医院,日本、〒516-0037 三重県伊勢市岩渕２丁目４−３７,516-0037,4.4,109,https://maps.google.com/?cid=2620840130574067335&g_mp=Cidnb29nbGUubWFwcy5wbGFjZXMudjEuUGxhY2VzLlNlYXJjaFRleHQQAhgEIAA,http://www.ujiyamada.com/,三重県,矯正歯科
大木歯科・矯正歯科 四日市,日本、〒510-0086 三重県四日市市諏訪栄町５−５,510-0086,4.7,171,https://maps.google.com/?cid=442869605351849907&g_mp=Cidnb29nbGUubWFwcy5wbGFjZXMudjEuUGxhY2VzLlNlYXJjaFRleHQQAhgEIAA,https://ohkidc-yokkaichi.com/,三重県,矯正歯科
やまぐち歯科 南草津 歯医者 小児歯科,日本、〒525-0050 滋賀県草津市南草津３丁目５−４ 歯医者 小児歯科 矯正歯科 歯並び 歯周病,525-0050,4.5,170,https://maps.google.com/?cid=2375594077262131335&g_mp=Cidnb29nbGUubWFwcy5wbGFjZXMudjEuUGxhY2VzLlNlYXJjaFRleHQQAhgEIAA,http://www.yamaguchi-d.net/,滋賀県,小児歯科
Sono Dental Clinic おとな&こども歯科,日本、〒525-0034 滋賀県草津市草津２丁目１５−２４,525-0034,4.9,82,https://maps.google.com/?cid=9361812131428086305&g_mp=Cidnb29nbGUubWFwcy5wbGFjZXMudjEuUGxhY2VzLlNlYXJjaFRleHQQAhgEIAA,http://sono-dental.com/,滋賀県,小児歯科
かがやき歯科クリニック,日本、〒525-0048 滋賀県草津市追分南２丁目１−９,525-0048,4.8,444,https://maps.google.com/?cid=9587076825969339620&g_mp=Cidnb29nbGUubWFwcy5wbGFjZXMudjEuUGxhY2VzLlNlYXJjaFRleHQQAhgEIAA,https://www.kagayaki-dental.com/,滋賀県,小児歯科
野洲U歯科・矯正歯科,日本、〒520-2353 滋賀県野洲市久野部１９４−１,520-2353,4.8,995,https://maps.google.com/?cid=6600425729998157145&g_mp=Cidnb29nbGUubWFwcy5wbGFjZXMudjEuUGxhY2VzLlNlYXJjaFRleHQQAhgEIAA,http://u-shika.jp/,滋賀県,小児歯科
ごとう歯科こども・おとな歯科,日本、〒524-0102 滋賀県守山市水保町２２２１−５,524-0102,4.5,65,https://maps.google.com/?cid=6428839115441069456&g_mp=Cidnb29nbGUubWFwcy5wbGFjZXMudjEuUGxhY2VzLlNlYXJjaFRleHQQAhgEIAA,https://goto-dental3d.com/?utm_source=google&utm_medium=maps,滋賀県,小児歯科
湖南トラスト歯科・矯正歯科,日本、〒520-3248 滋賀県湖南市菩提寺西３丁目１１−２９,520-3248,4.6,230,https://maps.google.com/?cid=4696868401262245549&g_mp=Cidnb29nbGUubWFwcy5wbGFjZXMudjEuUGxhY2VzLlNlYXJjaFRleHQQAhgEIAA,https://souseikai-trust.jp/konan/,滋賀県,小児歯科
東近江だいき歯科・矯正歯科,日本、〒527-0033 滋賀県東近江市東沖野４丁目２−５,527-0033,4.5,184,https://maps.google.com/?cid=9296913742234839628&g_mp=Cidnb29nbGUubWFwcy5wbGFjZXMudjEuUGxhY2VzLlNlYXJjaFRleHQQAhgEIAA,https://ribon-shika.jp/higashioumi/,滋賀県,小児歯科
みなみ草津ファミリー歯科,日本、〒525-0055 滋賀県草津市野路町６９４−１,525-0055,3.2,80,https://maps.google.com/?cid=3973399423427018823&g_mp=Cidnb29nbGUubWFwcy5wbGFjZXMudjEuUGxhY2VzLlNlYXJjaFRleHQQAhgEIAA,https://www.dc-family.jp/,滋賀県,小児歯科
南草津だいき歯科・矯正歯科,日本、〒525-0055 滋賀県草津市野路町片原６８７−１,525-0055,4.6,167,https://maps.google.com/?cid=7970219087290708073&g_mp=Cidnb29nbGUubWFwcy5wbGFjZXMudjEuUGxhY2VzLlNlYXJjaFRleHQQAhgEIAA,https://ribon-shika.jp/minamikusatsu/,滋賀県,小児歯科
はちまん駅前歯科,日本、〒523-0891 滋賀県近江八幡市鷹飼町５７７,523-0891,4.1,163,https://maps.google.com/?cid=1733845572759259828&g_mp=Cidnb29nbGUubWFwcy5wbGFjZXMudjEuUGxhY2VzLlNlYXJjaFRleHQQAhgEIAA,https://www.hachiman-dental.com/,滋賀県,小児歯科
ウイング栗東矯正歯科クリニック,日本、〒520-3031 滋賀県栗東市綣３丁目２−１５ リーデンススクエア栗東 1階,520-3031,4.7,64,https://maps.google.com/?cid=15030981555207749702&g_mp=Cidnb29nbGUubWFwcy5wbGFjZXMudjEuUGxhY2VzLlNlYXJjaFRleHQQAhgEIAA,https://www.wingritto.com/,滋賀県,矯正歯科
うかい歯科クリニック,日本、〒520-0232 滋賀県大津市真野１丁目１−６２ 江若交通ビル 4F,520-0232,4.7,88,https://maps.google.com/?cid=11616148352127296419&g_mp=Cidnb29nbGUubWFwcy5wbGFjZXMudjEuUGxhY2VzLlNlYXJjaFRleHQQAhgEIAA,http://www.ukaidc.com/,滋賀県,矯正歯科
大津クオーレ歯科クリニック,日本、〒520-0101 滋賀県大津市雄琴２丁目３−３７ インプラント インビザライン,520-0101,4.6,62,https://maps.google.com/?cid=2390296850267903579&g_mp=Cidnb29nbGUubWFwcy5wbGFjZXMudjEuUGxhY2VzLlNlYXJjaFRleHQQAhgEIAA,http://cuore-dental.jp/,滋賀県,矯正歯科
かやはら歯科クリニック,日本、〒520-2144 滋賀県大津市大萱７丁目１２−３３ 階101,520-2144,4.6,119,https://maps.google.com/?cid=10620612040330367862&g_mp=Cidnb29nbGUubWFwcy5wbGFjZXMudjEuUGxhY2VzLlNlYXJjaFRleHQQAhgEIAA,http://kayahara-shika.com/,滋賀県,矯正歯科
こささ歯科こども矯正クリニック,日本、〒603-8054 京都府京都市北区上賀茂桜井町１００ Brillia北山 １階,603-8054,4.8,314,https://maps.google.com/?cid=7175486618589109893&g_mp=Cidnb29nbGUubWFwcy5wbGFjZXMudjEuUGxhY2VzLlNlYXJjaFRleHQQAhgEIAA,https://kosasa.jp/?utm_source=google&utm_medium=map,京都府,小児歯科
京都下鴨ライフ歯科・矯正歯科・小児歯科,日本、〒606-0826 京都府京都市左京区下鴨西本町３９,606-0826,4.9,307,https://maps.google.com/?cid=1547283381884930951&g_mp=Cidnb29nbGUubWFwcy5wbGFjZXMudjEuUGxhY2VzLlNlYXJjaFRleHQQAhgEIAA,https://www.lifedc-kyotoshimogamo.com/,京都府,小児歯科
肥後歯科口腔外科クリニック,日本、〒601-8213 京都府京都市南区久世中久世町３丁目55,601-8213,4.8,385,https://maps.google.com/?cid=349951765135910311&g_mp=Cidnb29nbGUubWFwcy5wbGFjZXMudjEuUGxhY2VzLlNlYXJjaFRleHQQAhgEIAA,http://higo-dent.com/,京都府,小児歯科
聖護院やぎ歯科・矯正歯科,日本、〒606-8392 京都府京都市左京区聖護院山王町２８−６２,606-8392,4.9,260,https://maps.google.com/?cid=11014233876582076278&g_mp=Cidnb29nbGUubWFwcy5wbGFjZXMudjEuUGxhY2VzLlNlYXJjaFRleHQQAhgEIAA,https://shogoin-yagi-dc.com/?utm_source=google&utm_medium=maps,京都府,小児歯科
いのうえ歯科クリニック,日本、〒604-8811 京都府京都市中京区壬生賀陽御所町７７−１,604-8811,4.4,82,https://maps.google.com/?cid=12375021248466036577&g_mp=Cidnb29nbGUubWFwcy5wbGFjZXMudjEuUGxhY2VzLlNlYXJjaFRleHQQAhgEIAA,https://inoue-do.com/,京都府,小児歯科
医療法人くわばら歯科医院,日本、〒601-1433 京都府京都市伏見区石田大山町１６−１２,601-1433,4.6,89,https://maps.google.com/?cid=8427996019655895252&g_mp=Cidnb29nbGUubWFwcy5wbGFjZXMudjEuUGxhY2VzLlNlYXJjaFRleHQQAhgEIAA,http://www.dentrust.jp/,京都府,小児歯科
中田歯科クリニック,日本、〒615-8073 京都府京都市西京区桂木ノ下町1−８４,615-8073,4.1,85,https://maps.google.com/?cid=16277323486720690767&g_mp=Cidnb29nbGUubWFwcy5wbGFjZXMudjEuUGxhY2VzLlNlYXJjaFRleHQQAhgEIAA,https://www.nakata-dental.com/,京都府,小児歯科
京都二条たけち歯科クリニック,日本、〒604-8861 京都府京都市中京区壬生神明町１ 39articles1F,604-8861,4,195,https://maps.google.com/?cid=18273570296421447119&g_mp=Cidnb29nbGUubWFwcy5wbGFjZXMudjEuUGxhY2VzLlNlYXJjaFRleHQQAhgEIAA,https://www.tdc-smile.jp/,京都府,小児歯科
東洞院はやし歯科,日本、〒600-8095 京都府京都市下京区東洞院通綾小路下る扇酒屋町２７５−１ KOWA東洞院ビル ３F-１,600-8095,4.8,52,https://maps.google.com/?cid=1718390233895945330&g_mp=Cidnb29nbGUubWFwcy5wbGFjZXMudjEuUGxhY2VzLlNlYXJjaFRleHQQAhgEIAA,https://higashinotoin-hayashi-dc.com/?utm_source=google&utm_medium=maps,京都府,小児歯科
京都四条矯正歯科クリニック,日本、〒600-8001 京都府京都市下京区四条通小橋西入真町90−番 吉寿屋四条ビル 5F,600-8001,4.5,359,https://maps.google.com/?cid=12034189213492942770&g_mp=Cidnb29nbGUubWFwcy5wbGFjZXMudjEuUGxhY2VzLlNlYXJjaFRleHQQAhgEIAA,https://dd-dentalclinic.jp/lp/ddd/lp01/?ads=a-ahd_p-orthodontics_s-google_m-maps_o-reserve_d-organicfeed_kyotoc-cv_1&utm_source=google&utm_medium=maps&utm_campaign=a-ahd_p-orthodontics_s-google_m-maps_o-reserve_d-organicfeed_kyotoc-cv_1,京都府,矯正歯科
江口矯正歯科クリニック,日本、〒610-0334 京都府京田辺市田辺中央１丁目2−１１ アトリオパーク 2F,610-0334,4.8,164,https://maps.google.com/?cid=2163074271619900584&g_mp=Cidnb29nbGUubWFwcy5wbGFjZXMudjEuUGxhY2VzLlNlYXJjaFRleHQQAhgEIAA,https://eguchi-kyousei.com/?utm_source=google&utm_medium=maps,京都府,矯正歯科
巴山矯正歯科・歯科,日本、〒606-0914 京都府京都市左京区松ケ崎今海道町２−４ 巴山矯正歯科 内,606-0914,4.7,161,https://maps.google.com/?cid=15086887311608825265&g_mp=Cidnb29nbGUubWFwcy5wbGFjZXMudjEuUGxhY2VzLlNlYXJjaFRleHQQAhgEIAA,http://www.tomoyama.jp/,京都府,矯正歯科
河原町歯科・矯正歯科クリニック,日本、〒600-8004 京都府京都市下京区四条通寺町西入奈良物町３７５ メルローズ京都四条ビル 7F,600-8004,4.5,107,https://maps.google.com/?cid=3239818281504798307&g_mp=Cidnb29nbGUubWFwcy5wbGFjZXMudjEuUGxhY2VzLlNlYXJjaFRleHQQAhgEIAA,https://kawaramachi-kyousei.com/?utm_source=google&utm_medium=maps,京都府,矯正歯科
キョート矯正歯科クリニック 京都,日本、〒604-0924 京都府京都市中京区河原町通二条下ル一之船入町５３７−４ ホテルオークラ京都 B1,604-0924,4.3,50,https://maps.google.com/?cid=13958803759295984147&g_mp=Cidnb29nbGUubWFwcy5wbGFjZXMudjEuUGxhY2VzLlNlYXJjaFRleHQQAhgEIAA,https://www.kyousei-kyoto.com/?utm_source=google&utm_medium=maps,京都府,矯正歯科
京都四条河原町トラスト歯科・矯正歯科院,日本、〒604-8027 京都府京都市中京区塩屋町３４４ 4Ｆ,604-8027,4.6,123,https://maps.google.com/?cid=10405204842117789010&g_mp=Cidnb29nbGUubWFwcy5wbGFjZXMudjEuUGxhY2VzLlNlYXJjaFRleHQQAhgEIAA,https://souseikai-trust.jp/kawaramachi/,京都府,矯正歯科
トミイ歯科・矯正歯科,日本、〒615-0012 京都府京都市右京区西院高山寺町１０,615-0012,4.5,65,https://maps.google.com/?cid=5449862976565121422&g_mp=Cidnb29nbGUubWFwcy5wbGFjZXMudjEuUGxhY2VzLlNlYXJjaFRleHQQAhgEIAA,http://www.tomiidentaloffice.jp/?y_source=1_MTk0MjI2MjgtNzE1LWxvY2F0aW9uLndlYnNpdGU%3D,京都府,矯正歯科
京都 出町トラスト歯科・矯正歯科,日本、〒602-0822 京都府京都市上京区青龍町２１８,602-0822,4.6,102,https://maps.google.com/?cid=7643897963461150863&g_mp=Cidnb29nbGUubWFwcy5wbGFjZXMudjEuUGxhY2VzLlNlYXJjaFRleHQQAhgEIAA,https://souseikai-trust.jp/kyoto/,京都府,矯正歯科
ホワイトエッセンス京都四条通り矯正歯科,日本、〒600-8006 京都府京都市下京区四条通柳馬場西入ル立売中之町１０６ ヤサカ四条ビル 5F,600-8006,4.7,440,https://maps.google.com/?cid=3739489126992677744&g_mp=Cidnb29nbGUubWFwcy5wbGFjZXMudjEuUGxhY2VzLlNlYXJjaFRleHQQAhgEIAA,https://www.whiteessence.com/clinic/kyoto/177/?utm_source=googlemybusiness&utm_medium=google&utm_campaign=maps_177,京都府,矯正歯科
駅前矯正歯科,日本、〒600-8216 京都府京都市下京区烏丸通七条下ル東塩小路町７３５−１ 京阪京都ビル ９階,600-8216,3.6,51,https://maps.google.com/?cid=10613995424658786156&g_mp=Cidnb29nbGUubWFwcy5wbGFjZXMudjEuUGxhY2VzLlNlYXJjaFRleHQQAhgEIAA,https://kyoto-ekimaekyousei.jp/,京都府,矯正歯科
さわだ矯正歯科クリニック,日本、〒617-0823 京都府長岡京市長岡２丁目１−３ ガラシャ ビル 3F,617-0823,3.2,109,https://maps.google.com/?cid=17157030749864357654&g_mp=Cidnb29nbGUubWFwcy5wbGFjZXMudjEuUGxhY2VzLlNlYXJjaFRleHQQAhgEIAA,https://www.sawada-kyouseishika-kyoto.jp/?utm_source=google&utm_medium=map&utm_campaign=gbp,京都府,矯正歯科
みかげ小児歯科・矯正歯科クリニック,日本、〒658-0048 兵庫県神戸市東灘区御影郡家１丁目３４−９ 御影郡家マンション 1 階,658-0048,4.8,672,https://maps.google.com/?cid=3439623535330491436&g_mp=Cidnb29nbGUubWFwcy5wbGFjZXMudjEuUGxhY2VzLlNlYXJjaFRleHQQAhgEIAA,http://www.mikage-dc.com/,兵庫県,小児歯科
よこやまこども歯科,日本、〒663-8024 兵庫県西宮市薬師町１−７２ ロイヤルコートヤード西宮 1階,663-8024,4.5,74,https://maps.google.com/?cid=1505070724894327049&g_mp=Cidnb29nbGUubWFwcy5wbGFjZXMudjEuUGxhY2VzLlNlYXJjaFRleHQQAhgEIAA,http://www.yokoyama1182.com/,兵庫県,小児歯科
ハローこどもファミリー歯科,日本、〒674-0072 兵庫県明石市魚住町長坂寺２８７−３,674-0072,4.6,162,https://maps.google.com/?cid=650703013293471383&g_mp=Cidnb29nbGUubWFwcy5wbGFjZXMudjEuUGxhY2VzLlNlYXJjaFRleHQQAhgEIAA,http://hello-child.com/,兵庫県,小児歯科
ママとこどものはいしゃさん三木院,日本、〒673-0402 兵庫県三木市加佐１丁目４４,673-0402,4.8,336,https://maps.google.com/?cid=17959309232328269093&g_mp=Cidnb29nbGUubWFwcy5wbGFjZXMudjEuUGxhY2VzLlNlYXJjaFRleHQQAhgEIAA,http://www.mamatokodomo-miki.com/,兵庫県,小児歯科
よつば歯科・小児歯科 姫路院,日本、〒679-2124 兵庫県姫路市豊富町甲丘３丁目８８,679-2124,4.9,52,https://maps.google.com/?cid=6906134922635306504&g_mp=Cidnb29nbGUubWFwcy5wbGFjZXMudjEuUGxhY2VzLlNlYXJjaFRleHQQAhgEIAA,https://toyotomi-yotsuba-dc.com/?utm_source=google&utm_medium=maps,兵庫県,小児歯科
西宮北口歯科小児歯科矯正歯科口腔外科,"アクタ西宮 東館, 2階, １-2 北口町 西宮市 兵庫県 663-8035 日本",663-8035,4.4,430,https://maps.google.com/?cid=14889192142263056107&g_mp=Cidnb29nbGUubWFwcy5wbGFjZXMudjEuUGxhY2VzLlNlYXJjaFRleHQQAhgEIAA,http://naturalsmile.jp/?utm_source=google&utm_medium=map,兵庫県,小児歯科
三宮・元町 おとなこども KOTA総合歯科・矯正歯科 （旧よぼうのはいしゃさん）,日本、〒650-0004 兵庫県神戸市中央区中山手通２丁目４−１５ ローレルトアスクエア 101,650-0004,4.8,113,https://maps.google.com/?cid=14593176521247543972&g_mp=Cidnb29nbGUubWFwcy5wbGFjZXMudjEuUGxhY2VzLlNlYXJjaFRleHQQAhgEIAA,https://yobonohaishasan.com/,兵庫県,小児歯科
こいし・こども矯正歯科 小児歯科ランド,日本、〒563-0048 大阪府池田市呉服町１−１ サンシティ池田 3階301,563-0048,4.9,267,https://maps.google.com/?cid=855768218735114068&g_mp=Cidnb29nbGUubWFwcy5wbGFjZXMudjEuUGxhY2VzLlNlYXJjaFRleHQQAhgEIAA,https://www.koishi-child-dental.com/?utm_source=map&utm_medium=map,兵庫県,小児歯科
さくら木歯科こども歯科,日本、〒666-0124 兵庫県川西市多田桜木２丁目９−６,666-0124,4.5,127,https://maps.google.com/?cid=11316438808815031825&g_mp=Cidnb29nbGUubWFwcy5wbGFjZXMudjEuUGxhY2VzLlNlYXJjaFRleHQQAhgEIAA,http://www.sakuragi-dc.com/,兵庫県,小児歯科
甲子園矯正歯科 伊藤歯科クリニック ママとこどもの歯医者さん甲子園院,日本、〒663-8152 兵庫県西宮市甲子園町３−２−４,663-8152,4.8,738,https://maps.google.com/?cid=12619707963588272804&g_mp=Cidnb29nbGUubWFwcy5wbGFjZXMudjEuUGxhY2VzLlNlYXJjaFRleHQQAhgEIAA,https://itoshika.jp/,兵庫県,矯正歯科
神戸三宮歯科・矯正歯科クリニック,日本、〒651-0088 兵庫県神戸市中央区小野柄通７丁目１−５ １Ｆ,651-0088,4.9,77,https://maps.google.com/?cid=18226519494796372628&g_mp=Cidnb29nbGUubWFwcy5wbGFjZXMudjEuUGxhY2VzLlNlYXJjaFRleHQQAhgEIAA,https://kobe-invisalign.jp/,兵庫県,矯正歯科
吉田矯正歯科クリニック 神戸三宮院,日本、〒650-0012 兵庫県神戸市中央区北長狭通１丁目２−２ 三宮エビスビル 8階,650-0012,4.3,101,https://maps.google.com/?cid=10376672644730997679&g_mp=Cidnb29nbGUubWFwcy5wbGFjZXMudjEuUGxhY2VzLlNlYXJjaFRleHQQAhgEIAA,https://yoshida-kyosei.jp/?utm_source=GBP&utm_medium=GBP&utm_term=GBP&utm_content=GBP&utm_campaign=GBP,兵庫県,矯正歯科
大塚矯正歯科,日本、〒650-0022 兵庫県神戸市中央区元町通４丁目６−５ アパルト・ロア 1F,650-0022,4.2,63,https://maps.google.com/?cid=3780371168725203187&g_mp=Cidnb29nbGUubWFwcy5wbGFjZXMudjEuUGxhY2VzLlNlYXJjaFRleHQQAhgEIAA,https://www.otsuka-ortho.com/?utm_source=google&utm_medium=map&utm_campaign=gbp,兵庫県,矯正歯科
クラッセ歯科・矯正歯科,日本、〒658-0054 兵庫県神戸市東灘区御影中町３丁目２−１ 御影クラッセ 4F,658-0054,4.5,491,https://maps.google.com/?cid=5662862074510166992&g_mp=Cidnb29nbGUubWFwcy5wbGFjZXMudjEuUGxhY2VzLlNlYXJjaFRleHQQAhgEIAA,https://classe-dental.com/,兵庫県,矯正歯科
スマイルプラス矯正歯科,日本、〒666-0015 兵庫県川西市小花１丁目８−１ ジョイン川西 兵庫県川西市 小花 1-8-1 1F,666-0015,5,50,https://maps.google.com/?cid=11763435381717988013&g_mp=Cidnb29nbGUubWFwcy5wbGFjZXMudjEuUGxhY2VzLlNlYXJjaFRleHQQAhgEIAA,http://www.besmile.jp/,兵庫県,矯正歯科
有馬歯科・矯正歯科,日本、〒665-0061 兵庫県宝塚市仁川北３丁目７−１４ ペガサスビル 2F,665-0061,4.8,85,https://maps.google.com/?cid=9827868109627704736&g_mp=Cidnb29nbGUubWFwcy5wbGFjZXMudjEuUGxhY2VzLlNlYXJjaFRleHQQAhgEIAA,https://arimadental.com/,兵庫県,矯正歯科
医療法人社団 さくら夙川駅前おきた歯科・矯正歯科,日本、〒662-0977 兵庫県西宮市神楽町１１−２５ STATIONBUILDING 4F,662-0977,4.7,353,https://maps.google.com/?cid=3477023923476143397&g_mp=Cidnb29nbGUubWFwcy5wbGFjZXMudjEuUGxhY2VzLlNlYXJjaFRleHQQAhgEIAA,http://www.sakurasyukugawa.com/,兵庫県,矯正歯科
アルデブラン歯科・矯正歯科 神戸三宮院,日本、〒650-0021 兵庫県神戸市中央区三宮町２丁目２−１ ラム三宮ビル 7階,650-0021,4.6,169,https://maps.google.com/?cid=5496327851984772332&g_mp=Cidnb29nbGUubWFwcy5wbGFjZXMudjEuUGxhY2VzLlNlYXJjaFRleHQQAhgEIAA,https://abdc-kobe.com/,兵庫県,矯正歯科
神戸三ノ宮駅前デンタル矯正歯科,日本、〒650-0021 兵庫県神戸市中央区三宮町１丁目１０−１ 神戸交通センタービル 6F,650-0021,4.3,210,https://maps.google.com/?cid=9479855427783038902&g_mp=Cidnb29nbGUubWFwcy5wbGFjZXMudjEuUGxhY2VzLlNlYXJjaFRleHQQAhgEIAA,https://kobe.dd-dentalclinic.jp/?ads=a-kb_p-orthodontics_s-kobe_m-maps_o-reserve_d-organicfeed_f-kobe-local-council_c-cv_3&utm_source=kobe&utm_medium=maps&utm_campaign=a-kb_p-orthodontics_s-kobe_m-maps_o-reserve_d-organicfeed_f-kobe-local-council_c-cv_3,兵庫県,矯正歯科
なりた歯科・矯正歯科,日本、〒662-0866 兵庫県西宮市柳本町７−３８ 2F,662-0866,4.7,94,https://maps.google.com/?cid=10140863576679303847&g_mp=Cidnb29nbGUubWFwcy5wbGFjZXMudjEuUGxhY2VzLlNlYXJjaFRleHQQAhgEIAA,https://dental-narita.com/?utm_source=google&utm_medium=maps,兵庫県,矯正歯科
よしむらファミリー歯科,日本、〒639-0223 奈良県香芝市真美ヶ丘１丁目５−１１,639-0223,4.4,167,https://maps.google.com/?cid=1011848639808933014&g_mp=Cidnb29nbGUubWFwcy5wbGFjZXMudjEuUGxhY2VzLlNlYXJjaFRleHQQAhgEIAA,https://fami-shi.com/?utm_source=google&utm_medium=maps&utm_id=googlemaps,奈良県,小児歯科
松田歯科クリニック,日本、〒630-8303 奈良県奈良市南紀寺町３丁目62−４,630-8303,4.7,106,https://maps.google.com/?cid=2133779328505255214&g_mp=Cidnb29nbGUubWFwcy5wbGFjZXMudjEuUGxhY2VzLlNlYXJjaFRleHQQAhgEIAA,http://www.matsudadent.com/,奈良県,小児歯科
柳原歯科医院,日本、〒639-0265 奈良県香芝市上中８３３−３,639-0265,4.8,82,https://maps.google.com/?cid=666024970168323840&g_mp=Cidnb29nbGUubWFwcy5wbGFjZXMudjEuUGxhY2VzLlNlYXJjaFRleHQQAhgEIAA,https://yanagihara-dc.com/,奈良県,小児歯科
上田デンタルクリニック,日本、〒631-0033 奈良県奈良市あやめ池南２丁目１−５０,631-0033,4.7,81,https://maps.google.com/?cid=6344393218091347114&g_mp=Cidnb29nbGUubWFwcy5wbGFjZXMudjEuUGxhY2VzLlNlYXJjaFRleHQQAhgEIAA,http://ueda-dental-clinic.com/,奈良県,小児歯科
冨森歯科医院,日本、〒630-8273 奈良県奈良市押上町２０−２,630-8273,4.6,128,https://maps.google.com/?cid=15479361744450066219&g_mp=Cidnb29nbGUubWFwcy5wbGFjZXMudjEuUGxhY2VzLlNlYXJjaFRleHQQAhgEIAA,http://www.tomimori-shika.net/,奈良県,小児歯科
はしもと歯科クリニック,日本、〒630-8122 奈良県奈良市三条本町９−21-1F Jr奈良伝宝ビル,630-8122,4.4,237,https://maps.google.com/?cid=13086505100858752232&g_mp=Cidnb29nbGUubWFwcy5wbGFjZXMudjEuUGxhY2VzLlNlYXJjaFRleHQQAhgEIAA,http://hashimoto-dent.jp/,奈良県,小児歯科
やまじ歯科医院,日本、〒639-0251 奈良県香芝市逢坂１丁目４７７,639-0251,4.8,124,https://maps.google.com/?cid=5456375134945017811&g_mp=Cidnb29nbGUubWFwcy5wbGFjZXMudjEuUGxhY2VzLlNlYXJjaFRleHQQAhgEIAA,https://www.yamaji-dental.net/,奈良県,小児歯科
氏井矯正歯科クリニック,日本、〒630-8115 奈良県奈良市大宮町１丁目１−２８ メゾン・プリメール 海保ビル 2F,630-8115,4.8,101,https://maps.google.com/?cid=16243539993965869367&g_mp=Cidnb29nbGUubWFwcy5wbGFjZXMudjEuUGxhY2VzLlNlYXJjaFRleHQQAhgEIAA,https://nara-kyousei.com/?utm_source=google&utm_medium=maps,奈良県,矯正歯科
岡下矯正歯科,日本、〒634-0045 奈良県橿原市石川町282番地3,634-0045,4.3,54,https://maps.google.com/?cid=15368121324171217925&g_mp=Cidnb29nbGUubWFwcy5wbGFjZXMudjEuUGxhY2VzLlNlYXJjaFRleHQQAhgEIAA,https://www.okashita.com/?utm_source=google&utm_medium=map&utm_campaign=gbp,奈良県,矯正歯科
岡本矯正歯科,日本、〒630-0131 奈良県生駒市上町３５０７−４,630-0131,4.4,54,https://maps.google.com/?cid=7161340979609083122&g_mp=Cidnb29nbGUubWFwcy5wbGFjZXMudjEuUGxhY2VzLlNlYXJjaFRleHQQAhgEIAA,https://okamoto-kyousei.com/,奈良県,矯正歯科
かつらぎ歯科医院,日本、〒639-0215 奈良県北葛城郡上牧町葛城台１丁目２−３,639-0215,4.4,91,https://maps.google.com/?cid=14549895346038633644&g_mp=Cidnb29nbGUubWFwcy5wbGFjZXMudjEuUGxhY2VzLlNlYXJjaFRleHQQAhgEIAA,https://www.briller.net/,奈良県,矯正歯科
医療法人とくつファミリー歯科クリニック,日本、〒640-8345 和歌山県和歌山市新在家１６３−９,640-8345,4.9,193,https://maps.google.com/?cid=9817392238451511816&g_mp=Cidnb29nbGUubWFwcy5wbGFjZXMudjEuUGxhY2VzLlNlYXJjaFRleHQQAhgEIAA,https://www.tokutsu-family-dental-clinic.com/,和歌山県,小児歯科
クレアキッズデンタルスイッチ,日本、〒640-8442 和歌山県和歌山市平井１０８−７,640-8442,4.8,70,https://maps.google.com/?cid=12524230040724650234&g_mp=Cidnb29nbGUubWFwcy5wbGFjZXMudjEuUGxhY2VzLlNlYXJjaFRleHQQAhgEIAA,https://kids.crea.dental/,和歌山県,小児歯科
沖殿歯科医院,日本、〒640-8220 和歌山県和歌山市下町１８,640-8220,4.8,70,https://maps.google.com/?cid=7030433217956386262&g_mp=Cidnb29nbGUubWFwcy5wbGFjZXMudjEuUGxhY2VzLlNlYXJjaFRleHQQAhgEIAA,https://okidonodc.com/,和歌山県,小児歯科
クレア歯科クリニック,日本、〒640-8442 和歌山県和歌山市平井１０８−７,640-8442,4.3,167,https://maps.google.com/?cid=1851480044401814904&g_mp=Cidnb29nbGUubWFwcy5wbGFjZXMudjEuUGxhY2VzLlNlYXJjaFRleHQQAhgEIAA,https://crea.dental/?utm_source=GBP&utm_medium=GBP&utm_term=GBP&utm_content=GBP&utm_campaign=GBP,和歌山県,小児歯科
こうざき西歯科クリニック,日本、〒640-8314 和歌山県和歌山市神前１０５−１,640-8314,3.6,83,https://maps.google.com/?cid=6307864111508485265&g_mp=Cidnb29nbGUubWFwcy5wbGFjZXMudjEuUGxhY2VzLlNlYXJjaFRleHQQAhgEIAA,http://nishi-dent.com/,和歌山県,小児歯科
ささの歯科おとなこども歯科クリニック,日本、〒643-0021 和歌山県有田郡有田川町下津野才ノ神１１０６−３,643-0021,4.5,54,https://maps.google.com/?cid=17938744331540222086&g_mp=Cidnb29nbGUubWFwcy5wbGFjZXMudjEuUGxhY2VzLlNlYXJjaFRleHQQAhgEIAA,http://www.sasano-dental.net/,和歌山県,小児歯科
オリーブ歯科 インビザライン,日本、〒649-6531 和歌山県紀の川市粉河８３７−２ 予防歯科 歯医者 痛くない 矯正歯科 虫歯治療 入れ歯 歯周病 小児歯科 小児矯正 マウスピース矯正 インビザライン,649-6531,4.5,73,https://maps.google.com/?cid=6110968134525423562&g_mp=Cidnb29nbGUubWFwcy5wbGFjZXMudjEuUGxhY2VzLlNlYXJjaFRleHQQAhgEIAA,https://www.olive-shika.jp/,和歌山県,小児歯科
ホワイトエッセンスわかやま歯科 矯正歯科,日本、〒640-8454 和歌山県和歌山市ふじと台２３ イオンモール和歌山 ２F,640-8454,4.8,193,https://maps.google.com/?cid=14952304198750821282&g_mp=Cidnb29nbGUubWFwcy5wbGFjZXMudjEuUGxhY2VzLlNlYXJjaFRleHQQAhgEIAA,https://www.whiteessence-wakayama-kyosei.com/?utm_source=google&utm_medium=googlemap&&utm_id=google,和歌山県,矯正歯科
辻岡歯科医院,日本、〒640-8319 和歌山県和歌山市手平５丁目１−１７,640-8319,4,213,https://maps.google.com/?cid=9250641820110180425&g_mp=Cidnb29nbGUubWFwcy5wbGFjZXMudjEuUGxhY2VzLlNlYXJjaFRleHQQAhgEIAA,https://www.tsujioka-shika.com/,和歌山県,矯正歯科
ホワイトエッセンス加盟院（イオンモール和歌山）,日本、〒640-8451 和歌山県和歌山市ふじと台２３ イオンモール和歌山 2F ホワイトエッセンスわかやま歯科 内,640-8451,4.7,99,https://maps.google.com/?cid=15487308294505881907&g_mp=Cidnb29nbGUubWFwcy5wbGFjZXMudjEuUGxhY2VzLlNlYXJjaFRleHQQAhgEIAA,https://www.whiteessence.com/clinic/wakayama/135/?utm_source=googlemybusiness&utm_medium=google&utm_campaign=maps_135,和歌山県,矯正歯科
山根歯科医院,日本、〒680-0011 鳥取県鳥取市東町３丁目258‐1,680-0011,4.7,205,https://maps.google.com/?cid=17211003585414145485&g_mp=Cidnb29nbGUubWFwcy5wbGFjZXMudjEuUGxhY2VzLlNlYXJjaFRleHQQAhgEIAA,https://www.yamane-shika.jp/,鳥取県,小児歯科
中田歯科医院,日本、〒689-3514 鳥取県米子市尾高２７４１−４,689-3514,4.6,121,https://maps.google.com/?cid=18300925038147586728&g_mp=Cidnb29nbGUubWFwcy5wbGFjZXMudjEuUGxhY2VzLlNlYXJjaFRleHQQAhgEIAA,http://nakadashikaiin.com/,鳥取県,小児歯科
なかの通り歯のクリニック,日本、〒164-0013 東京都中野区弥生町５丁目１１−２１ 弥生町クリスコーポ １０１,164-0013,4.2,55,https://maps.google.com/?cid=10701958085135976468&g_mp=Cidnb29nbGUubWFwcy5wbGFjZXMudjEuUGxhY2VzLlNlYXJjaFRleHQQAhgEIAA,http://nakanodori-dental.com/,鳥取県,小児歯科
山形歯科医院,日本、〒680-0902 鳥取県鳥取市秋里１３１４,680-0902,4.7,93,https://maps.google.com/?cid=9842920799027114424&g_mp=Cidnb29nbGUubWFwcy5wbGFjZXMudjEuUGxhY2VzLlNlYXJjaFRleHQQAhgEIAA,http://dc-yamagata.jp/,鳥取県,矯正歯科
アルディバラン渋谷デンタルクリニック,日本、〒150-0043 東京都渋谷区道玄坂１丁目１６−７ 7階,150-0043,4.5,225,https://maps.google.com/?cid=17599153769534736889&g_mp=Cidnb29nbGUubWFwcy5wbGFjZXMudjEuUGxhY2VzLlNlYXJjaFRleHQQAhgEIAA,https://dd-dentalclinic.jp/lp/ddd/lp01/?ads=a-ahd_p-orthodontics_s-google_m-maps_o-reserve_d-organicfeed_shibuyac-cv_1&utm_source=google&utm_medium=maps&utm_campaign=a-ahd_p-orthodontics_s-google_m-maps_o-reserve_d-organicfeed_shibuyac-cv_1,鳥取県,矯正歯科
すみとも歯科・矯正歯科クリニック,日本、〒154-0017 東京都世田谷区世田谷３丁目１３−１１,154-0017,4.3,85,https://maps.google.com/?cid=9927953520853016212&g_mp=Cidnb29nbGUubWFwcy5wbGFjZXMudjEuUGxhY2VzLlNlYXJjaFRleHQQAhgEIAA,http://www.sumitomo-dc.jp/,鳥取県,矯正歯科
東松原さかい歯科・矯正歯科,日本、〒156-0043 東京都世田谷区松原５丁目２７−１１ パスコマンション東松原 102,156-0043,4.5,155,https://maps.google.com/?cid=7229801069708011322&g_mp=Cidnb29nbGUubWFwcy5wbGFjZXMudjEuUGxhY2VzLlNlYXJjaFRleHQQAhgEIAA,https://www.hmbsakai-dc.com/,鳥取県,矯正歯科
ひらの矯正歯科クリニック,日本、〒154-0004 東京都世田谷区太子堂２丁目１２−２ TｰONE世田谷ビル 6F,154-0004,4.3,52,https://maps.google.com/?cid=11504052299470533118&g_mp=Cidnb29nbGUubWFwcy5wbGFjZXMudjEuUGxhY2VzLlNlYXJjaFRleHQQAhgEIAA,https://ortho-do.com/,鳥取県,矯正歯科
にこらい歯科クリニック出雲,日本、〒693-0028 島根県出雲市塩冶善行町１２−２ 中村ビル １F,693-0028,4.1,60,https://maps.google.com/?cid=2715636134340134945&g_mp=Cidnb29nbGUubWFwcy5wbGFjZXMudjEuUGxhY2VzLlNlYXJjaFRleHQQAhgEIAA,http://www.nicolai-dental.com/,島根県,小児歯科
こばやし歯科,日本、〒693-0082 島根県出雲市中野美保南１丁目８−１７,693-0082,4.6,56,https://maps.google.com/?cid=13993984004881330844&g_mp=Cidnb29nbGUubWFwcy5wbGFjZXMudjEuUGxhY2VzLlNlYXJjaFRleHQQAhgEIAA,https://haisha.expert/,島根県,小児歯科
かずあきデンタルクリニック | 浜田 歯医者,日本、〒697-0023 島根県浜田市長沢町１１８−８,697-0023,4.7,59,https://maps.google.com/?cid=7030979957617305718&g_mp=Cidnb29nbGUubWFwcy5wbGFjZXMudjEuUGxhY2VzLlNlYXJjaFRleHQQAhgEIAA,http://www.kazuaki-dental.com/,島根県,矯正歯科
おだわら歯科クリニック,日本、〒690-0876 島根県松江市黒田町４６５−１,690-0876,4.2,57,https://maps.google.com/?cid=12731827644489512223&g_mp=Cidnb29nbGUubWFwcy5wbGFjZXMudjEuUGxhY2VzLlNlYXJjaFRleHQQAhgEIAA,https://matsue-dental.com/,島根県,矯正歯科
辻歯科医院,日本、〒690-0884 島根県松江市南田町１４７−１,690-0884,3.9,50,https://maps.google.com/?cid=6241409004967468380&g_mp=Cidnb29nbGUubWFwcy5wbGFjZXMudjEuUGxhY2VzLlNlYXJjaFRleHQQAhgEIAA,http://www.tsujidental.or.jp/,島根県,矯正歯科
岡山ワイズ小児・矯正歯科,日本、〒703-8265 岡山県岡山市中区倉田５０８−２１,703-8265,4.8,190,https://maps.google.com/?cid=6429008188063010394&g_mp=Cidnb29nbGUubWFwcy5wbGFjZXMudjEuUGxhY2VzLlNlYXJjaFRleHQQAhgEIAA,https://www.okayamays.com/,岡山県,小児歯科
杜の街グレース歯科・矯正歯科,日本、〒700-0907 岡山県岡山市北区下石井２丁目１０−８ 杜の街グレース 杜の街プラザ 5F,700-0907,4.8,220,https://maps.google.com/?cid=3192053015079797929&g_mp=Cidnb29nbGUubWFwcy5wbGFjZXMudjEuUGxhY2VzLlNlYXJjaFRleHQQAhgEIAA,https://morimachi-dc.com/,岡山県,小児歯科
岡山なかの歯科・矯正歯科クリニック,日本、〒700-0074 岡山県岡山市北区矢坂東町６−１,700-0074,4.6,814,https://maps.google.com/?cid=14525179897002345770&g_mp=Cidnb29nbGUubWFwcy5wbGFjZXMudjEuUGxhY2VzLlNlYXJjaFRleHQQAhgEIAA,https://nakanodent.com/,岡山県,小児歯科
岡野歯科・小児歯科クリニック,日本、〒704-8116 岡山県岡山市東区西大寺中２丁目１３−１,704-8116,4.5,51,https://maps.google.com/?cid=6759035588756680131&g_mp=Cidnb29nbGUubWFwcy5wbGFjZXMudjEuUGxhY2VzLlNlYXJjaFRleHQQAhgEIAA,https://www.okano-dental.info/,岡山県,小児歯科
岡山おとな こども歯科 矯正歯科 Welcome Dental Clinic,日本、〒700-0933 岡山県岡山市北区奥田１丁目８−１９,700-0933,4.8,120,https://maps.google.com/?cid=11074797131663388481&g_mp=Cidnb29nbGUubWFwcy5wbGFjZXMudjEuUGxhY2VzLlNlYXJjaFRleHQQAhgEIAA,https://www.welcome-d.com/?utm_source=google&utm_medium=gmb,岡山県,小児歯科
大月歯科医院,日本、〒701-1202 岡山県岡山市北区楢津９５９−４,701-1202,4.8,308,https://maps.google.com/?cid=8092667222289357466&g_mp=Cidnb29nbGUubWFwcy5wbGFjZXMudjEuUGxhY2VzLlNlYXJjaFRleHQQAhgEIAA,https://www.otukidc.net/?utm_source=google&utm_medium=maps,岡山県,小児歯科
岡山矯正歯科,日本、〒700-0026 岡山県岡山市北区奉還町１丁目２−３ せかんどゆーす西口 1階西,700-0026,4.9,94,https://maps.google.com/?cid=5971353180779729122&g_mp=Cidnb29nbGUubWFwcy5wbGFjZXMudjEuUGxhY2VzLlNlYXJjaFRleHQQAhgEIAA,https://okayama-ortho.com/?utm_source=google&utm_medium=map,岡山県,矯正歯科
うえき矯正歯科,日本、〒703-8271 岡山県岡山市中区円山７６−１,703-8271,4.8,54,https://maps.google.com/?cid=13630308237954140419&g_mp=Cidnb29nbGUubWFwcy5wbGFjZXMudjEuUGxhY2VzLlNlYXJjaFRleHQQAhgEIAA,https://ueki-doc.com/?utm_source=GBP&utm_medium=organic&utm_campaign=ueki,岡山県,矯正歯科
岡山駅前田中矯正歯科,日本、〒700-0901 岡山県岡山市北区本町６−３６ １号館６階,700-0901,4.7,86,https://maps.google.com/?cid=17610321198545489094&g_mp=Cidnb29nbGUubWFwcy5wbGFjZXMudjEuUGxhY2VzLlNlYXJjaFRleHQQAhgEIAA,http://www.tanaka-kyousei.com/,岡山県,矯正歯科
クレオ歯科・矯正歯科,日本、〒700-0933 岡山県岡山市北区奥田１丁目９−８,700-0933,4.7,178,https://maps.google.com/?cid=16237866092994081424&g_mp=Cidnb29nbGUubWFwcy5wbGFjZXMudjEuUGxhY2VzLlNlYXJjaFRleHQQAhgEIAA,https://creo-dental.com/,岡山県,矯正歯科
ふじおか,日本、〒700-0021 岡山県岡山市北区国体町１−１１,700-0021,4.7,140,https://maps.google.com/?cid=13521047635790017516&g_mp=Cidnb29nbGUubWFwcy5wbGFjZXMudjEuUGxhY2VzLlNlYXJjaFRleHQQAhgEIAA,http://fujioka-dc.jp/?utm_source=google&utm_medium=maps,岡山県,矯正歯科
グラン岡山歯科・矯正歯科,日本、〒700-0815 岡山県岡山市北区野田屋町１丁目１１−１ グレースタワー １F,700-0815,5,52,https://maps.google.com/?cid=16200786902210450918&g_mp=Cidnb29nbGUubWFwcy5wbGFjZXMudjEuUGxhY2VzLlNlYXJjaFRleHQQAhgEIAA,https://okayama-grandental.jp/,岡山県,矯正歯科
政久歯科醫院,日本、〒700-0822 岡山県岡山市北区表町１丁目５−１ 岡山シンフォニービル 2F,700-0822,4.8,199,https://maps.google.com/?cid=12718190022598692612&g_mp=Cidnb29nbGUubWFwcy5wbGFjZXMudjEuUGxhY2VzLlNlYXJjaFRleHQQAhgEIAA,http://m-dental.net/,岡山県,矯正歯科
LALAごうだ歯科矯正歯科,日本、〒700-0011 岡山県岡山市北区学南町３丁目１１−６,700-0011,4.9,61,https://maps.google.com/?cid=12207563870804417077&g_mp=Cidnb29nbGUubWFwcy5wbGFjZXMudjEuUGxhY2VzLlNlYXJjaFRleHQQAhgEIAA,https://gouda-lala-dental.com/?utm_source=gmb&utm_medium=organic&utm_campaign=website,岡山県,矯正歯科
MAEDADENTALCLINIC,日本、〒700-0086 岡山県岡山市北区津島西坂１丁目１−２７,700-0086,4.7,173,https://maps.google.com/?cid=12387862997854947382&g_mp=Cidnb29nbGUubWFwcy5wbGFjZXMudjEuUGxhY2VzLlNlYXJjaFRleHQQAhgEIAA,http://maeda0505.com/,岡山県,矯正歯科
ゆうなぎ歯科こども歯科,日本、〒733-0003 広島県広島市西区三篠町１丁目３−２０ ＮＥＷ’Ｓ ＢＬＤ 1F,733-0003,4.9,59,https://maps.google.com/?cid=18384131647233993865&g_mp=Cidnb29nbGUubWFwcy5wbGFjZXMudjEuUGxhY2VzLlNlYXJjaFRleHQQAhgEIAA,https://yunagi-dental.com/,広島県,小児歯科
かわもと歯科・こども歯科クリニック,日本、〒739-1731 広島県広島市安佐北区落合２丁目３５−35番8 2号,739-1731,4.3,63,https://maps.google.com/?cid=17712607432541620600&g_mp=Cidnb29nbGUubWFwcy5wbGFjZXMudjEuUGxhY2VzLlNlYXJjaFRleHQQAhgEIAA,https://kawadental.com/,広島県,小児歯科
いけがみ小児歯科,日本、〒739-0041 広島県東広島市西条町寺家６５３７−１１,739-0041,4.4,85,https://maps.google.com/?cid=17008388889695926410&g_mp=Cidnb29nbGUubWFwcy5wbGFjZXMudjEuUGxhY2VzLlNlYXJjaFRleHQQAhgEIAA,http://ikegami-kids-dental.jp/,広島県,小児歯科
のざき歯科・東広島おとなこども矯正歯科,日本、〒739-0025 広島県東広島市西条中央６丁目１２−１６,739-0025,4.7,121,https://maps.google.com/?cid=15200338344851250999&g_mp=Cidnb29nbGUubWFwcy5wbGFjZXMudjEuUGxhY2VzLlNlYXJjaFRleHQQAhgEIAA,https://nozaki-dent.com/,広島県,小児歯科
あい歯科こども矯正＋ファミリー歯科クリニック,日本、〒731-5127 広島県広島市佐伯区五日市５丁目６−２６ ゆめタウン五日市店別館 ２階,731-5127,4.2,60,https://maps.google.com/?cid=15856964300919040429&g_mp=Cidnb29nbGUubWFwcy5wbGFjZXMudjEuUGxhY2VzLlNlYXJjaFRleHQQAhgEIAA,https://www.aisika.net/,広島県,小児歯科
中西歯科・こども矯正歯科,日本、〒732-0816 広島県広島市南区比治山本町１６−３５ 広島産業文化センタ 12Ｆ,732-0816,4,68,https://maps.google.com/?cid=2531316528590703816&g_mp=Cidnb29nbGUubWFwcy5wbGFjZXMudjEuUGxhY2VzLlNlYXJjaFRleHQQAhgEIAA,https://www.251-6480.com/,広島県,小児歯科
銀座青山Ｙｏｕ矯正歯科 広島駅前医院,日本、〒732-0822 広島県広島市南区松原町５−１ ビッグフロント広島 ４階,732-0822,4.8,437,https://maps.google.com/?cid=4701138583377274585&g_mp=Cidnb29nbGUubWFwcy5wbGFjZXMudjEuUGxhY2VzLlNlYXJjaFRleHQQAhgEIAA,https://www.youkyousei.com/?utm_source=google&utm_medium=maps,広島県,矯正歯科
広島タワー歯科・矯正歯科,日本、〒732-0053 広島県広島市東区若草町１１−２ グランアークテラス 3F,732-0053,4.6,268,https://maps.google.com/?cid=12209476711570151275&g_mp=Cidnb29nbGUubWFwcy5wbGFjZXMudjEuUGxhY2VzLlNlYXJjaFRleHQQAhgEIAA,http://www.hiroshima-dc.com/,広島県,矯正歯科
銀座青山Ｙｏｕ矯正歯科 紙屋町医院,日本、〒730-0031 広島県広島市中区紙屋町１丁目２−２２ 広島トランヴェールビル地下１F,730-0031,4.8,73,https://maps.google.com/?cid=9523806476378904510&g_mp=Cidnb29nbGUubWFwcy5wbGFjZXMudjEuUGxhY2VzLlNlYXJjaFRleHQQAhgEIAA,https://www.youkyousei.com/?utm_source=google&utm_medium=maps,広島県,矯正歯科
レイラニデンタルサロン・矯正歯科,日本、〒730-0034 広島県広島市中区新天地５−１６ アーバス並木 3F,730-0034,4.9,252,https://maps.google.com/?cid=16509604347467846865&g_mp=Cidnb29nbGUubWFwcy5wbGFjZXMudjEuUGxhY2VzLlNlYXJjaFRleHQQAhgEIAA,https://www.leilani-ds.com/,広島県,矯正歯科
呉駅前歯科・矯正歯科,日本、〒737-0811 広島県呉市西中央１丁目６−２ 3F,737-0811,4.6,107,https://maps.google.com/?cid=16483082210555517248&g_mp=Cidnb29nbGUubWFwcy5wbGFjZXMudjEuUGxhY2VzLlNlYXJjaFRleHQQAhgEIAA,https://kure-dc.com/,広島県,矯正歯科
河底歯科・矯正歯科,日本、〒720-0031 広島県福山市三吉町２丁目１４−８,720-0031,4.7,240,https://maps.google.com/?cid=11202852449821966273&g_mp=Cidnb29nbGUubWFwcy5wbGFjZXMudjEuUGxhY2VzLlNlYXJjaFRleHQQAhgEIAA,https://www.kawasoko-dental.com/,広島県,矯正歯科
アネラデンタルクリニック・矯正歯科,日本、〒739-1733 広島県広島市安佐北区口田南８丁目１−１３,739-1733,4.7,250,https://maps.google.com/?cid=18053614954739904649&g_mp=Cidnb29nbGUubWFwcy5wbGFjZXMudjEuUGxhY2VzLlNlYXJjaFRleHQQAhgEIAA,http://anela-dental.com/,広島県,矯正歯科
