医院名,住所,郵便番号,評価,口コミ件数,Google Maps URL,公式ウェブサイト,検索クエリ
おとなとこどもの経堂歯科,日本、〒156-0052 東京都世田谷区経堂１丁目２４−１５,156-0052,4.4,161,https://maps.google.com/?cid=9367085869294718134&g_mp=Cidnb29nbGUubWFwcy5wbGFjZXMudjEuUGxhY2VzLlNlYXJjaFRleHQQAhgEIAA,https://www.otonatokodomo-kyodo-dental.com/,小児歯科 東京都
原宿こども歯科,日本、〒151-0051 東京都渋谷区千駄ケ谷３丁目５１−６ 原宿MOA3F,151-0051,4.8,99,https://maps.google.com/?cid=3980194606562806412&g_mp=Cidnb29nbGUubWFwcy5wbGFjZXMudjEuUGxhY2VzLlNlYXJjaFRleHQQAhgEIAA,https://www.hk-dental.net/,小児歯科 東京都
医療法人社団心音会こどもの歯科｜祐天寺 歯医者・小児歯科/小児矯正,日本、〒153-0052 東京都目黒区祐天寺２丁目１５−１ ＭＫビル 1F 矯正歯科 小児歯科 マウスピース矯正 小児矯正 ホワイトニング,153-0052,4.6,91,https://maps.google.com/?cid=10094333780854755874&g_mp=Cidnb29nbGUubWFwcy5wbGFjZXMudjEuUGxhY2VzLlNlYXJjaFRleHQQAhgEIAA,https://kodomonoshika.net/?utm_source=mybusiness,小児歯科 東京都
永福町駅前歯科・矯正歯科・小児歯科,日本、〒168-0064 東京都杉並区永福４丁目１−４ 永福ランドビル 1F,168-0064,4.4,79,https://maps.google.com/?cid=685897212281268867&g_mp=Cidnb29nbGUubWFwcy5wbGFjZXMudjEuUGxhY2VzLlNlYXJjaFRleHQQAhgEIAA,https://eifuku-dental.net/,小児歯科 東京都
かつらファミリー歯科,日本、〒108-0074 東京都港区高輪１丁目２６−１１,108-0074,4.7,91,https://maps.google.com/?cid=7028163084508203206&g_mp=Cidnb29nbGUubWFwcy5wbGFjZXMudjEuUGxhY2VzLlNlYXJjaFRleHQQAhgEIAA,http://www.dental-katsura.com/,小児歯科 東京都
キッズデンタル麻布,日本、〒106-0045 東京都港区麻布十番２丁目１７−４ SUN麻布十番,106-0045,4.3,52,https://maps.google.com/?cid=11697025693828496868&g_mp=Cidnb29nbGUubWFwcy5wbGFjZXMudjEuUGxhY2VzLlNlYXJjaFRleHQQAhgEIAA,http://www.kids-azabu.com/,小児歯科 東京都
浜田山おとなこども歯科・矯正歯科,日本、〒168-0065 東京都杉並区浜田山３丁目３０−６ 1階,168-0065,4.4,211,https://maps.google.com/?cid=16871755216288551894&g_mp=Cidnb29nbGUubWFwcy5wbGFjZXMudjEuUGxhY2VzLlNlYXJjaFRleHQQAhgEIAA,http://hamadayama-shika.net/,小児歯科 東京都
下高井戸パール歯科クリニック・世田谷,日本、〒156-0044 東京都世田谷区赤堤５丁目３２−２,156-0044,4.3,113,https://maps.google.com/?cid=13501822496198250484&g_mp=Cidnb29nbGUubWFwcy5wbGFjZXMudjEuUGxhY2VzLlNlYXJjaFRleHQQAhgEIAA,http://www.pearl-shika.com/,小児歯科 東京都
永福町木村歯科クリニック,日本、〒168-0063 東京都杉並区和泉３丁目３１−６ カーサピアンタ,168-0063,4.1,53,https://maps.google.com/?cid=15730238471126536976&g_mp=Cidnb29nbGUubWFwcy5wbGFjZXMudjEuUGxhY2VzLlNlYXJjaFRleHQQAhgEIAA,http://www.dc-kimura.com/,小児歯科 東京都
You矯正歯科 新宿医院,日本、〒160-0023 東京都新宿区西新宿３丁目２−２７ オーチュ－第７ビル７階,160-0023,4.8,350,https://maps.google.com/?cid=15724624049658140637&g_mp=Cidnb29nbGUubWFwcy5wbGFjZXMudjEuUGxhY2VzLlNlYXJjaFRleHQQAhgEIAA,https://www.bubunkyousei.com/?utm_source=google&utm_medium=maps&utm_campaign=shinjuku,矯正歯科 東京都
銀座矯正歯科(矯正専門歯科),日本、〒104-0061 東京都中央区銀座３丁目３−１４ グランディアⅡ 6F,104-0061,4.2,418,https://maps.google.com/?cid=6040029523189902074&g_mp=Cidnb29nbGUubWFwcy5wbGFjZXMudjEuUGxhY2VzLlNlYXJjaFRleHQQAhgEIAA,https://www.ginzakyousei.com/?utm_source=google&utm_medium=maps,矯正歯科 東京都
東京加悦矯正歯科クリニック銀座医院,日本、〒104-0061 東京都中央区銀座２丁目７−１０ 銀座マロニエテラス 7F,104-0061,4.8,243,https://maps.google.com/?cid=3885159471640852778&g_mp=Cidnb29nbGUubWFwcy5wbGFjZXMudjEuUGxhY2VzLlNlYXJjaFRleHQQAhgEIAA,https://www.kireina-hanarabi.jp/,矯正歯科 東京都
CS矯正歯科クリニック,日本、〒150-0042 東京都渋谷区宇田川町４２−４,150-0042,4.7,250,https://maps.google.com/?cid=1246184741065713621&g_mp=Cidnb29nbGUubWFwcy5wbGFjZXMudjEuUGxhY2VzLlNlYXJjaFRleHQQAhgEIAA,http://www.cskyousei.com/,矯正歯科 東京都
渋谷F&B矯正歯科・東京,日本、〒150-0046 東京都渋谷区松濤１丁目２９−１ 渋谷クロスロードビル 5F,150-0046,4.8,212,https://maps.google.com/?cid=3654292716323545275&g_mp=Cidnb29nbGUubWFwcy5wbGFjZXMudjEuUGxhY2VzLlNlYXJjaFRleHQQAhgEIAA,https://fb-kyousei.com/?utm_source=google&utm_medium=maps,矯正歯科 東京都
永福町駅前歯科・矯正歯科・小児歯科,日本、〒168-0064 東京都杉並区永福４丁目１−４ 永福ランドビル 1F,168-0064,4.4,79,https://maps.google.com/?cid=685897212281268867&g_mp=Cidnb29nbGUubWFwcy5wbGFjZXMudjEuUGxhY2VzLlNlYXJjaFRleHQQAhgEIAA,https://eifuku-dental.net/,矯正歯科 東京都
東松原さかい歯科・矯正歯科,日本、〒156-0043 東京都世田谷区松原５丁目２７−１１ パスコマンション東松原 102,156-0043,4.5,155,https://maps.google.com/?cid=7229801069708011322&g_mp=Cidnb29nbGUubWFwcy5wbGFjZXMudjEuUGxhY2VzLlNlYXJjaFRleHQQAhgEIAA,https://www.hmbsakai-dc.com/,矯正歯科 東京都
Oh my teeth 東京新宿,日本、〒160-0022 東京都新宿区新宿３丁目１９−４ MLJ新宿ビル 5階,160-0022,4.6,614,https://maps.google.com/?cid=6906442184654799518&g_mp=Cidnb29nbGUubWFwcy5wbGFjZXMudjEuUGxhY2VzLlNlYXJjaFRleHQQAhgEIAA,https://www.oh-my-teeth.com/locations/shinjuku?tags=gmb_shinjuku,矯正歯科 東京都
東京八重洲キュア矯正歯科,日本、〒103-0028 東京都中央区八重洲１丁目６−１７ 大久保ビルディング 6階,103-0028,4.6,224,https://maps.google.com/?cid=8105181486315531488&g_mp=Cidnb29nbGUubWFwcy5wbGFjZXMudjEuUGxhY2VzLlNlYXJjaFRleHQQAhgEIAA,https://tokyo-cure.jp/?utm_source=google&utm_medium=map,矯正歯科 東京都
表参道AK歯科・矯正歯科,日本、〒150-0001 東京都渋谷区神宮前５丁目５０−６ サクセス青山ビル 3F・8F,150-0001,4.6,68,https://maps.google.com/?cid=17057524077154546271&g_mp=Cidnb29nbGUubWFwcy5wbGFjZXMudjEuUGxhY2VzLlNlYXJjaFRleHQQAhgEIAA,https://omotesando-ak.com/?utm_medium=organic&utm_source=GMBlisting,矯正歯科 東京都
Oh my teeth 東京銀座有楽町矯正歯科,日本、〒100-0006 東京都千代田区有楽町２丁目１０−１ 東京交通会館 2F,100-0006,4.6,493,https://maps.google.com/?cid=3308366006259107121&g_mp=Cidnb29nbGUubWFwcy5wbGFjZXMudjEuUGxhY2VzLlNlYXJjaFRleHQQAhgEIAA,https://www.oh-my-teeth.com/locations/yurakucho?tags=gmb_yurakucho,矯正歯科 東京都
青山外苑矯正歯科,日本、〒107-0061 東京都港区北青山２丁目７−２２ H・T・神宮外苑ビル ４F,107-0061,4.8,89,https://maps.google.com/?cid=8550480234283458143&g_mp=Cidnb29nbGUubWFwcy5wbGFjZXMudjEuUGxhY2VzLlNlYXJjaFRleHQQAhgEIAA,http://www.aoyama-kyosei.jp/,矯正歯科 東京都
Oh my teeth 東京表参道矯正歯科,日本、〒107-0061 東京都港区北青山３丁目１５−５ 1F,107-0061,4.6,534,https://maps.google.com/?cid=5240876425141486783&g_mp=Cidnb29nbGUubWFwcy5wbGFjZXMudjEuUGxhY2VzLlNlYXJjaFRleHQQAhgEIAA,https://www.oh-my-teeth.com/locations/omotesando?tags=gmb_omotesando,矯正歯科 東京都
渋谷矯正歯科,日本、〒150-0002 東京都渋谷区渋谷１丁目８−７ 10階A,150-0002,4.2,369,https://maps.google.com/?cid=8463995434016304542&g_mp=Cidnb29nbGUubWFwcy5wbGFjZXMudjEuUGxhY2VzLlNlYXJjaFRleHQQAhgEIAA,https://www.shibuyakyousei.jp/?utm_source=google&utm_medium=map,矯正歯科 東京都
吉祥寺デンタルクリニック,日本、〒180-0003 東京都武蔵野市吉祥寺南町１丁目１５−５ 伊藤ビル2F,180-0003,4.6,62,https://maps.google.com/?cid=17912630525509467621&g_mp=Cidnb29nbGUubWFwcy5wbGFjZXMudjEuUGxhY2VzLlNlYXJjaFRleHQQAhgEIAA,https://k-dentalclinic.jp/,矯正歯科 東京都
南森町カツベ・こども矯正歯科,日本、〒530-0041 大阪府大阪市北区天神橋３丁目４−１３ 三栄ビル 2階,530-0041,4.9,177,https://maps.google.com/?cid=9575870421848145116&g_mp=Cidnb29nbGUubWFwcy5wbGFjZXMudjEuUGxhY2VzLlNlYXJjaFRleHQQAhgEIAA,https://www.katsubedc-nanmori.com/,小児歯科 大阪府
みずたにおとなこども歯科クリニック,日本、〒535-0001 大阪府大阪市旭区太子橋１丁目１−１ ロンポトー101,535-0001,4.8,323,https://maps.google.com/?cid=16700274014048847535&g_mp=Cidnb29nbGUubWFwcy5wbGFjZXMudjEuUGxhY2VzLlNlYXJjaFRleHQQAhgEIAA,http://www.mizutani-dc.net/,小児歯科 大阪府
なんばエッセ歯科・小児歯科クリニック,日本、〒556-0017 大阪府大阪市浪速区湊町２丁目２−２２ アーベインなんば ウエスト1F,556-0017,4.9,210,https://maps.google.com/?cid=6870071761949420149&g_mp=Cidnb29nbGUubWFwcy5wbGFjZXMudjEuUGxhY2VzLlNlYXJjaFRleHQQAhgEIAA,https://nedc.jp/?utm_source=Google&utm_medium=map,小児歯科 大阪府
あい大人こども歯科クリニック,日本、〒536-0007 大阪府大阪市城東区成育３丁目５−１,536-0007,4.4,115,https://maps.google.com/?cid=9486430368696246200&g_mp=Cidnb29nbGUubWFwcy5wbGFjZXMudjEuUGxhY2VzLlNlYXJjaFRleHQQAhgEIAA,https://www.ai-otonakodomoshika.com/?utm_source=google&utm_medium=maps,小児歯科 大阪府
みなと大人こども歯科クリニック,日本、〒552-0004 大阪府大阪市港区夕凪２丁目１−１ サンファミリー夕凪,552-0004,4.5,112,https://maps.google.com/?cid=10005087015725362860&g_mp=Cidnb29nbGUubWFwcy5wbGFjZXMudjEuUGxhY2VzLlNlYXJjaFRleHQQAhgEIAA,https://otonakodomo-dc.com/,小児歯科 大阪府
あびこ大人こども歯科クリニック,日本、〒558-0011 大阪府大阪市住吉区苅田７丁目６−２８ ユニオンハイツ １F,558-0011,4.6,115,https://maps.google.com/?cid=12026224194832124640&g_mp=Cidnb29nbGUubWFwcy5wbGFjZXMudjEuUGxhY2VzLlNlYXJjaFRleHQQAhgEIAA,https://www.abiko-dental.com/,小児歯科 大阪府
境川おとな・こども歯科 矯正歯科,日本、〒550-0024 大阪府大阪市西区境川１丁目１−３１ メディカルセンタービル 5階,550-0024,5,50,https://maps.google.com/?cid=13900796093647933046&g_mp=Cidnb29nbGUubWFwcy5wbGFjZXMudjEuUGxhY2VzLlNlYXJjaFRleHQQAhgEIAA,https://sakaigawa-dental.com/?utm_source=GBP&utm_medium=GBP&utm_term=GBP&utm_content=GBP&utm_campaign=GBP,小児歯科 大阪府
こいし・こども矯正歯科 小児歯科ランド,日本、〒563-0048 大阪府池田市呉服町１−１ サンシティ池田 3階301,563-0048,4.9,267,https://maps.google.com/?cid=855768218735114068&g_mp=Cidnb29nbGUubWFwcy5wbGFjZXMudjEuUGxhY2VzLlNlYXJjaFRleHQQAhgEIAA,https://www.koishi-child-dental.com/?utm_source=map&utm_medium=map,小児歯科 大阪府
HANA Intelligence歯科,日本、〒541-0044 大阪府大阪市中央区伏見町４丁目２−１４ WAKITA 藤村御堂筋ビル B1F,541-0044,4.9,326,https://maps.google.com/?cid=7537256443856256890&g_mp=Cidnb29nbGUubWFwcy5wbGFjZXMudjEuUGxhY2VzLlNlYXJjaFRleHQQAhgEIAA,https://www.hana-intelligence.com/,矯正歯科 大阪府
大阪矯正歯科グループ,日本、〒530-0001 大阪府大阪市北区梅田１丁目１−３−１８００ 大阪駅前第3ビル １８階,530-0001,4.7,114,https://maps.google.com/?cid=14540670760933624089&g_mp=Cidnb29nbGUubWFwcy5wbGFjZXMudjEuUGxhY2VzLlNlYXJjaFRleHQQAhgEIAA,https://www.osaka-kyousei.com/?utm_source=google&utm_medium=maps,矯正歯科 大阪府
矯正歯科医院 大阪オルソ,日本、〒530-0001 大阪府大阪市北区梅田３丁目２−１２３ イノゲート 大阪12階,530-0001,4.9,187,https://maps.google.com/?cid=318885330372548358&g_mp=Cidnb29nbGUubWFwcy5wbGFjZXMudjEuUGxhY2VzLlNlYXJjaFRleHQQAhgEIAA,https://umedalingual.com/#utm_source=google&utm_medium=map,矯正歯科 大阪府
梅田キュア矯正歯科,日本、〒530-0013 大阪府大阪市北区茶屋町５−２ 4階,530-0013,4.8,159,https://maps.google.com/?cid=14385472832646405699&g_mp=Cidnb29nbGUubWFwcy5wbGFjZXMudjEuUGxhY2VzLlNlYXJjaFRleHQQAhgEIAA,https://umeda-cure.jp/?utm_source=google&utm_medium=map,矯正歯科 大阪府
大阪H2B歯科・矯正歯科,日本、〒530-0057 大阪府大阪市北区曾根崎２丁目３−２ 梅新スクエアビル 701,530-0057,4.7,125,https://maps.google.com/?cid=7711599222893123983&g_mp=Cidnb29nbGUubWFwcy5wbGFjZXMudjEuUGxhY2VzLlNlYXJjaFRleHQQAhgEIAA,https://kyouseishika-osaka.jp/?utm_source=google&utm_medium=map&utm_campaign=gbp,矯正歯科 大阪府
難波矯正歯科,日本、〒556-0011 大阪府大阪市浪速区難波中３丁目１−１７ 角屋難波ビル 2階,556-0011,4.6,160,https://maps.google.com/?cid=1033714069634571408&g_mp=Cidnb29nbGUubWFwcy5wbGFjZXMudjEuUGxhY2VzLlNlYXJjaFRleHQQAhgEIAA,https://www.nambakyousei.com/?utm_source=google&utm_medium=map,矯正歯科 大阪府
きょうばし矯正歯科クリニック,日本、〒534-0024 大阪府大阪市都島区東野田町２丁目３−１９ 4F,534-0024,4.6,181,https://maps.google.com/?cid=5419226680693522853&g_mp=Cidnb29nbGUubWFwcy5wbGFjZXMudjEuUGxhY2VzLlNlYXJjaFRleHQQAhgEIAA,http://www.kyobashi-kyousei.com/,矯正歯科 大阪府
梅田駅前矯正歯科クリニック,日本、〒530-0001 大阪府大阪市北区梅田２丁目１−２１ 梅田ビル 3階 レイズ,530-0001,4.4,536,https://maps.google.com/?cid=5238304141353172371&g_mp=Cidnb29nbGUubWFwcy5wbGFjZXMudjEuUGxhY2VzLlNlYXJjaFRleHQQAhgEIAA,https://dd-dentalclinic.jp/lp/ddd/lp01/?ads=a-ahd_p-orthodontics_s-google_m-maps_o-reserve_d-organicfeed_umedac-cv_1&utm_source=google&utm_medium=maps&utm_campaign=a-ahd_p-orthodontics_s-google_m-maps_o-reserve_d-organicfeed_umedac-cv_1,矯正歯科 大阪府
カツベ歯科クリニック,日本、〒530-0057 大阪府大阪市北区曾根崎２丁目１２−４ コフレ梅田 3階,530-0057,4.6,522,https://maps.google.com/?cid=13141716164924741667&g_mp=Cidnb29nbGUubWFwcy5wbGFjZXMudjEuUGxhY2VzLlNlYXJjaFRleHQQAhgEIAA,https://www.katsube-dc.com/,矯正歯科 大阪府
Cuore矯正歯科,日本、〒542-0076 大阪府大阪市中央区難波３丁目１−２８ 衛門ビル 作右 2階,542-0076,4.5,245,https://maps.google.com/?cid=8029628848933805073&g_mp=Cidnb29nbGUubWFwcy5wbGFjZXMudjEuUGxhY2VzLlNlYXJjaFRleHQQAhgEIAA,https://cuore-clinic.com/,矯正歯科 大阪府
南森町カツベ・こども矯正歯科,日本、〒530-0041 大阪府大阪市北区天神橋３丁目４−１３ 三栄ビル 2階,530-0041,4.9,177,https://maps.google.com/?cid=9575870421848145116&g_mp=Cidnb29nbGUubWFwcy5wbGFjZXMudjEuUGxhY2VzLlNlYXJjaFRleHQQAhgEIAA,https://www.katsubedc-nanmori.com/,矯正歯科 大阪府
DIGITAL-L歯科・矯正歯科,日本、〒550-0004 大阪府大阪市西区靱本町１丁目４−１７ 1階,550-0004,4.6,122,https://maps.google.com/?cid=13708672716120189881&g_mp=Cidnb29nbGUubWFwcy5wbGFjZXMudjEuUGxhY2VzLlNlYXJjaFRleHQQAhgEIAA,http://www.dendigital-l.com/,矯正歯科 大阪府
渡辺矯正歯科,日本、〒542-0074 大阪府大阪市中央区千日前２丁目５−２ 3階,542-0074,4.8,56,https://maps.google.com/?cid=13242171468611602940&g_mp=Cidnb29nbGUubWFwcy5wbGFjZXMudjEuUGxhY2VzLlNlYXJjaFRleHQQAhgEIAA,http://www.w-ortho.com/,矯正歯科 大阪府
いのうえ歯科・矯正歯科,日本、〒558-0041 大阪府大阪市住吉区南住吉３丁目１−１０ コノミヤ南住吉店 2F,558-0041,4.9,170,https://maps.google.com/?cid=1582076634255884840&g_mp=Cidnb29nbGUubWFwcy5wbGFjZXMudjEuUGxhY2VzLlNlYXJjaFRleHQQAhgEIAA,https://inoue-doc.com/?utm_source=GBP&utm_medium=GBP&utm_term=GBP&utm_content=GBP&utm_campaign=GBP,矯正歯科 大阪府
もちだ矯正歯科クリニック,日本、〒599-8273 大阪府堺市中区深井清水町３９８５ 深井ビル ４Ｆ ＨＳ,599-8273,4.8,183,https://maps.google.com/?cid=1231854846813311553&g_mp=Cidnb29nbGUubWFwcy5wbGFjZXMudjEuUGxhY2VzLlNlYXJjaFRleHQQAhgEIAA,https://www.mochida-clinic.com/,矯正歯科 大阪府
梅田アップル歯科 矯正歯科 大阪,日本、〒530-0012 大阪府大阪市北区芝田２丁目３−９ ＥＸＣＥＬ ＵＭＥＤＡ 2F,530-0012,4.6,230,https://maps.google.com/?cid=9647177005943764376&g_mp=Cidnb29nbGUubWFwcy5wbGFjZXMudjEuUGxhY2VzLlNlYXJjaFRleHQQAhgEIAA,https://umeda-appledc.jp/,矯正歯科 大阪府
かわさと歯科・矯正歯科,日本、〒530-0002 大阪府大阪市北区曾根崎新地１丁目４−２０ 桜橋Imビル 4F,530-0002,4.7,132,https://maps.google.com/?cid=601911338980055722&g_mp=Cidnb29nbGUubWFwcy5wbGFjZXMudjEuUGxhY2VzLlNlYXJjaFRleHQQAhgEIAA,https://www.kawasato-do.jp/,矯正歯科 大阪府
大阪つつい歯科・矯正歯科,日本、〒530-0005 大阪府大阪市北区中之島２丁目３−１８ 中之島フェスティバルタワー 15階/18階 審美歯科 インプラント インビザライン マウスピース矯正,530-0005,4.8,227,https://maps.google.com/?cid=18157447385623114837&g_mp=Cidnb29nbGUubWFwcy5wbGFjZXMudjEuUGxhY2VzLlNlYXJjaFRleHQQAhgEIAA,https://www.festival-shika.jp/,矯正歯科 大阪府
吉村矯正歯科,日本、〒562-0036 大阪府箕面市船場西２丁目７−５ 3F ビル,562-0036,4.7,147,https://maps.google.com/?cid=3661429308939250409&g_mp=Cidnb29nbGUubWFwcy5wbGFjZXMudjEuUGxhY2VzLlNlYXJjaFRleHQQAhgEIAA,https://www.dental-yoshimura.com/,矯正歯科 大阪府
くるみ歯科こども歯科,日本、〒480-1135 愛知県長久手市下山３−１,480-1135,4.6,65,https://maps.google.com/?cid=11599962514933295574&g_mp=Cidnb29nbGUubWFwcy5wbGFjZXMudjEuUGxhY2VzLlNlYXJjaFRleHQQAhgEIAA,https://kids-kurumi.com/,小児歯科 愛知県
はぐり歯科・こども歯科,日本、〒491-0132 愛知県一宮市大毛東新開２８,491-0132,4.7,108,https://maps.google.com/?cid=6933075030951608386&g_mp=Cidnb29nbGUubWFwcy5wbGFjZXMudjEuUGxhY2VzLlNlYXJjaFRleHQQAhgEIAA,https://hagurishika.com/,小児歯科 愛知県
IZUMI矯正・こども歯科,日本、〒461-0001 愛知県名古屋市東区泉１丁目７−２７ ネイリックスイズミ 3階,461-0001,5,71,https://maps.google.com/?cid=15723275194236057877&g_mp=Cidnb29nbGUubWFwcy5wbGFjZXMudjEuUGxhY2VzLlNlYXJjaFRleHQQAhgEIAA,https://www.izumi-beauty.com/,小児歯科 愛知県
すみれ歯科・こども歯科クリニック〜ららぽーと愛知東郷〜,日本、〒470-0186 愛知県愛知郡東郷町東郷中央伊勢木 土地区画整理事業62街区1・3 ららぽーと愛知東郷 3階,470-0186,4.5,136,https://maps.google.com/?cid=5511301059317662917&g_mp=Cidnb29nbGUubWFwcy5wbGFjZXMudjEuUGxhY2VzLlNlYXJjaFRleHQQAhgEIAA,https://sumile-dental.jp/,小児歯科 愛知県
にしかわ歯科おとなこども歯科,日本、〒455-0883 愛知県名古屋市港区知多１丁目８０６,455-0883,4.6,157,https://maps.google.com/?cid=13500656866023888032&g_mp=Cidnb29nbGUubWFwcy5wbGFjZXMudjEuUGxhY2VzLlNlYXJjaFRleHQQAhgEIAA,https://nishikawashika.com/,小児歯科 愛知県
安城ひがしやま歯科こども矯正歯科,日本、〒446-0007 愛知県安城市市東栄町３丁目８０９−７,446-0007,4.8,142,https://maps.google.com/?cid=12483965956700144932&g_mp=Cidnb29nbGUubWFwcy5wbGFjZXMudjEuUGxhY2VzLlNlYXJjaFRleHQQAhgEIAA,https://anjo-higashiyama-dent.jp/,小児歯科 愛知県
みらい歯科こども歯科クリニック,日本、〒442-0045 愛知県豊川市駅前通２丁目98−２,442-0045,4.7,110,https://maps.google.com/?cid=650836167344957422&g_mp=Cidnb29nbGUubWFwcy5wbGFjZXMudjEuUGxhY2VzLlNlYXJjaFRleHQQAhgEIAA,https://mirai-kids-dc.com/,小児歯科 愛知県
はばたき歯科おとなこども歯科クリニック,日本、〒470-2101 愛知県知多郡東浦町森岡松原77番,470-2101,4.7,151,https://maps.google.com/?cid=11520608843988640660&g_mp=Cidnb29nbGUubWFwcy5wbGFjZXMudjEuUGxhY2VzLlNlYXJjaFRleHQQAhgEIAA,https://habatakidc.com/,小児歯科 愛知県
きらめきデンタルクリニック,日本、〒476-0002 愛知県東海市名和町寺徳１−５,476-0002,4.7,107,https://maps.google.com/?cid=15840105618710325732&g_mp=Cidnb29nbGUubWFwcy5wbGFjZXMudjEuUGxhY2VzLlNlYXJjaFRleHQQAhgEIAA,https://kirameki-dental.com/,小児歯科 愛知県
あおぞら歯科こども歯科,日本、〒491-0831 愛知県一宮市森本２丁目２７−８,491-0831,4.4,142,https://maps.google.com/?cid=8515440834205873338&g_mp=Cidnb29nbGUubWFwcy5wbGFjZXMudjEuUGxhY2VzLlNlYXJjaFRleHQQAhgEIAA,https://aozoraandkids-dental.com/,小児歯科 愛知県
久屋パーク歯科・矯正歯科,日本、〒460-0008 愛知県名古屋市中区栄４丁目１４−２ 久屋パークビル ９F,460-0008,4.7,854,https://maps.google.com/?cid=16871547230307101974&g_mp=Cidnb29nbGUubWFwcy5wbGFjZXMudjEuUGxhY2VzLlNlYXJjaFRleHQQAhgEIAA,https://hisayapark-kyousei.com/,矯正歯科 愛知県
矯正歯科アラインクチュール 名古屋栄院,日本、〒461-0005 愛知県名古屋市東区東桜１丁目９−１９ 3F,461-0005,4.9,152,https://maps.google.com/?cid=11799869879717755012&g_mp=Cidnb29nbGUubWFwcy5wbGFjZXMudjEuUGxhY2VzLlNlYXJjaFRleHQQAhgEIAA,https://align-cdo.com/,矯正歯科 愛知県
名古屋栄プレシャス 歯科・矯正歯科,日本、〒460-0008 愛知県名古屋市中区栄３丁目３−２１ セントライズ栄 2F,460-0008,4.9,131,https://maps.google.com/?cid=14999492124145768704&g_mp=Cidnb29nbGUubWFwcy5wbGFjZXMudjEuUGxhY2VzLlNlYXJjaFRleHQQAhgEIAA,https://ribon-shika.jp/sakae/,矯正歯科 愛知県
ルーセント歯科・矯正歯科,日本、〒451-6003 愛知県名古屋市西区牛島町６−１ 3階,451-6003,4.4,507,https://maps.google.com/?cid=6797033586347642059&g_mp=Cidnb29nbGUubWFwcy5wbGFjZXMudjEuUGxhY2VzLlNlYXJjaFRleHQQAhgEIAA,https://www.lucent-shika.com/?utm_source=google&utm_medium=map,矯正歯科 愛知県
みずの矯正歯科,日本、〒462-0843 愛知県名古屋市北区田幡２丁目１２−１４ 明治安田生命黒川ビル 1階,462-0843,4.6,119,https://maps.google.com/?cid=12192519271560334140&g_mp=Cidnb29nbGUubWFwcy5wbGFjZXMudjEuUGxhY2VzLlNlYXJjaFRleHQQAhgEIAA,https://www.mizuno-kyouseishika.com/?utm_source=google&utm_medium=map,矯正歯科 愛知県
とうごうみらい歯科・矯正歯科,日本、〒470-0162 愛知県愛知郡東郷町春木申下９,470-0162,4.9,237,https://maps.google.com/?cid=11614139520703417197&g_mp=Cidnb29nbGUubWFwcy5wbGFjZXMudjEuUGxhY2VzLlNlYXJjaFRleHQQAhgEIAA,http://togomirai.com/,矯正歯科 愛知県
NICO矯正歯科,日本、〒448-0816 愛知県刈谷市半城土西町２丁目１−２６,448-0816,4.7,72,https://maps.google.com/?cid=3763934780524619926&g_mp=Cidnb29nbGUubWFwcy5wbGFjZXMudjEuUGxhY2VzLlNlYXJjaFRleHQQAhgEIAA,https://nico-ortho.com/?utm_source=google&utm_medium=map,矯正歯科 愛知県
Oh my teeth 名古屋名駅,日本、〒450-0002 愛知県名古屋市中村区名駅２丁目４２−１ THE EDGE名古屋 ３階,450-0002,4.8,215,https://maps.google.com/?cid=8025449413173601348&g_mp=Cidnb29nbGUubWFwcy5wbGFjZXMudjEuUGxhY2VzLlNlYXJjaFRleHQQAhgEIAA,https://www.oh-my-teeth.com/locations/nagoya?tags=gmb_nagoya,矯正歯科 愛知県
名古屋西矯正歯科クリニック,日本、〒497-0034 愛知県海部郡蟹江町本町９丁目４５,497-0034,3.6,105,https://maps.google.com/?cid=3843516920474380771&g_mp=Cidnb29nbGUubWFwcy5wbGFjZXMudjEuUGxhY2VzLlNlYXJjaFRleHQQAhgEIAA,https://hi-ortho.com/?utm_source=google&utm_medium=map,矯正歯科 愛知県
名古屋さいとう矯正歯科,日本、〒450-0002 愛知県名古屋市中村区名駅４丁目８−２６ エニシオ名駅ビル ７F,450-0002,4.8,54,https://maps.google.com/?cid=12017343521794871563&g_mp=Cidnb29nbGUubWFwcy5wbGFjZXMudjEuUGxhY2VzLlNlYXJjaFRleHQQAhgEIAA,https://saitodc-nagoya.com/,矯正歯科 愛知県
名駅アール歯科・矯正歯科,日本、〒450-0002 愛知県名古屋市中村区名駅４丁目１０−２５ 名駅Imaiビル １１階,450-0002,4.6,422,https://maps.google.com/?cid=11994073687302990337&g_mp=Cidnb29nbGUubWFwcy5wbGFjZXMudjEuUGxhY2VzLlNlYXJjaFRleHQQAhgEIAA,https://www.meieki-rdental.com/,矯正歯科 愛知県
きらめきデンタルクリニック,日本、〒476-0002 愛知県東海市名和町寺徳１−５,476-0002,4.7,107,https://maps.google.com/?cid=15840105618710325732&g_mp=Cidnb29nbGUubWFwcy5wbGFjZXMudjEuUGxhY2VzLlNlYXJjaFRleHQQAhgEIAA,https://kirameki-dental.com/,矯正歯科 愛知県
名駅ファイン歯科・矯正歯科,日本、〒450-0002 愛知県名古屋市中村区名駅４丁目８−８ エニシオ名駅 6階,450-0002,4.9,86,https://maps.google.com/?cid=10783592256134210595&g_mp=Cidnb29nbGUubWFwcy5wbGFjZXMudjEuUGxhY2VzLlNlYXJjaFRleHQQAhgEIAA,https://meieki-kyousei.net/,矯正歯科 愛知県
名古屋ステーション歯科・矯正歯科,日本、〒450-0002 愛知県名古屋市中村区名駅４丁目６−２３ 13F,450-0002,4.7,106,https://maps.google.com/?cid=6897279596684079239&g_mp=Cidnb29nbGUubWFwcy5wbGFjZXMudjEuUGxhY2VzLlNlYXJjaFRleHQQAhgEIAA,https://www.nagoya-station-orthodontic.com/,矯正歯科 愛知県
