医院名,住所,郵便番号,評価,口コミ件数,Google Maps URL,公式ウェブサイト,都道府県,診療科目
四季こども歯科,日本、〒791-3134 愛媛県伊予郡松前町西古泉４９３−１,791-3134,4.9,67,https://maps.google.com/?cid=9408455634665097272&g_mp=Cidnb29nbGUubWFwcy5wbGFjZXMudjEuUGxhY2VzLlNlYXJjaFRleHQQAhgEIAA,https://shiki-kodomo-dc.com/,愛媛県,小児歯科
みなと歯科おとな子どもクリニック,日本、〒791-8065 愛媛県松山市三杉町９−２７,791-8065,4.8,129,https://maps.google.com/?cid=11810566521205841829&g_mp=Cidnb29nbGUubWFwcy5wbGFjZXMudjEuUGxhY2VzLlNlYXJjaFRleHQQAhgEIAA,https://minatosikaiinn.com/,愛媛県,小児歯科
カナザキ歯科,日本、〒791-0245 愛媛県松山市南梅本町甲８７８−５,791-0245,4.6,253,https://maps.google.com/?cid=1125710572646711032&g_mp=Cidnb29nbGUubWFwcy5wbGFjZXMudjEuUGxhY2VzLlNlYXJjaFRleHQQAhgEIAA,https://www.kanazaki.jp/,愛媛県,小児歯科
大谷歯科矯正歯科,日本、〒790-0941 愛媛県松山市和泉南６丁目２−６,790-0941,4.6,232,https://maps.google.com/?cid=17193475432567207986&g_mp=Cidnb29nbGUubWFwcy5wbGFjZXMudjEuUGxhY2VzLlNlYXJjaFRleHQQAhgEIAA,http://www.ohtani-dental.jp/,愛媛県,小児歯科
前田歯科医院 松山市 歯医者|小児歯科|インプラント,日本、〒790-0932 愛媛県松山市東石井６丁目７−２６,790-0932,4.7,59,https://maps.google.com/?cid=8133673830420320323&g_mp=Cidnb29nbGUubWFwcy5wbGFjZXMudjEuUGxhY2VzLlNlYXJjaFRleHQQAhgEIAA,https://www.maedadentalclinic.jp/,愛媛県,小児歯科
佐々木歯科,日本、〒790-0925 愛媛県松山市鷹子町２４３−８,790-0925,4.5,128,https://maps.google.com/?cid=17455654110440906040&g_mp=Cidnb29nbGUubWFwcy5wbGFjZXMudjEuUGxhY2VzLlNlYXJjaFRleHQQAhgEIAA,http://www.sasaki-dental-clinic.jp/,愛媛県,小児歯科
愛媛インプラントクリニックかまくら歯科,日本、〒791-3155 愛媛県伊予郡松前町鶴吉８０６,791-3155,4.7,272,https://maps.google.com/?cid=10573241156803719571&g_mp=Cidnb29nbGUubWFwcy5wbGFjZXMudjEuUGxhY2VzLlNlYXJjaFRleHQQAhgEIAA,https://kamakura-dental.jp/,愛媛県,小児歯科
宮本歯科（松山市｜歯医者・歯科）,日本、〒790-0032 愛媛県松山市土橋町２０−８,790-0032,4.4,79,https://maps.google.com/?cid=18076476920890718248&g_mp=Cidnb29nbGUubWFwcy5wbGFjZXMudjEuUGxhY2VzLlNlYXJjaFRleHQQAhgEIAA,https://www.miyamotoshika-clinic.com/,愛媛県,小児歯科
小栗歯科|松山 予防歯科 小児歯科,日本、〒790-0036 愛媛県松山市小栗２丁目３−２４,790-0036,3.5,73,https://maps.google.com/?cid=8676878706111150666&g_mp=Cidnb29nbGUubWFwcy5wbGFjZXMudjEuUGxhY2VzLlNlYXJjaFRleHQQAhgEIAA,http://www.oguri-dental.com/,愛媛県,小児歯科
石岡歯科医院,日本、〒790-0038 愛媛県松山市和泉北１丁目７−８,790-0038,5,55,https://maps.google.com/?cid=17685286337310920056&g_mp=Cidnb29nbGUubWFwcy5wbGFjZXMudjEuUGxhY2VzLlNlYXJjaFRleHQQAhgEIAA,https://ishioka-dentalclinic.com/,愛媛県,矯正歯科
中矢歯科医院,日本、〒791-3152 愛媛県伊予郡松前町永田２９８−１３,791-3152,4.2,61,https://maps.google.com/?cid=17188637962524276011&g_mp=Cidnb29nbGUubWFwcy5wbGFjZXMudjEuUGxhY2VzLlNlYXJjaFRleHQQAhgEIAA,http://nakaya-dental.com/,愛媛県,矯正歯科
越智歯科医院（医療法人陽弘会）,日本、〒794-0027 愛媛県今治市南大門町１丁目６−２３,794-0027,4.7,193,https://maps.google.com/?cid=2434436131998422876&g_mp=Cidnb29nbGUubWFwcy5wbGFjZXMudjEuUGxhY2VzLlNlYXJjaFRleHQQAhgEIAA,https://ochi-dental.or.jp/,愛媛県,矯正歯科
アポロニア歯科クリニック,日本、〒780-0966 高知県高知市福井扇町１１８２−１,780-0966,4.6,200,https://maps.google.com/?cid=12098415824402584302&g_mp=Cidnb29nbGUubWFwcy5wbGFjZXMudjEuUGxhY2VzLlNlYXJjaFRleHQQAhgEIAA,https://www.9238.jp/,高知県,小児歯科
みかづき歯科クリニック 高知市,日本、〒780-0972 高知県高知市中万々８１４−４ 審美歯科 小児歯科 予防歯科 インプラント,780-0972,4.6,60,https://maps.google.com/?cid=1101250963998514950&g_mp=Cidnb29nbGUubWFwcy5wbGFjZXMudjEuUGxhY2VzLlNlYXJjaFRleHQQAhgEIAA,http://www.smileplan-kochi.com/,高知県,小児歯科
南国ひとせ歯科,日本、〒783-0006 高知県南国市篠原５８−１,783-0006,4.4,77,https://maps.google.com/?cid=11226561623877741038&g_mp=Cidnb29nbGUubWFwcy5wbGFjZXMudjEuUGxhY2VzLlNlYXJjaFRleHQQAhgEIAA,https://hitose-dentalclinic.com/,高知県,小児歯科
田岡歯科・矯正歯科クリニック,日本、〒780-8052 高知県高知市鴨部１丁目１０−３３,780-8052,4.2,80,https://maps.google.com/?cid=6535159636854736923&g_mp=Cidnb29nbGUubWFwcy5wbGFjZXMudjEuUGxhY2VzLlNlYXJjaFRleHQQAhgEIAA,https://taokadental.com/,高知県,矯正歯科
宮崎台やすい矯正歯科クリニック,日本、〒216-0033 神奈川県川崎市宮前区宮崎２丁目１２−１ 宮崎台プラザビル 105,216-0033,4.9,92,https://maps.google.com/?cid=15853040055703597448&g_mp=Cidnb29nbGUubWFwcy5wbGFjZXMudjEuUGxhY2VzLlNlYXJjaFRleHQQAhgEIAA,http://www.yasui-kyousei.com/,高知県,矯正歯科
ホワイトニングサロンKiratt 高知店,日本、〒780-0822 高知県高知市はりまや町１丁目１−２６ 山本・千頭ビル 2F,780-0822,4.9,274,https://maps.google.com/?cid=16228202469984637619&g_mp=Cidnb29nbGUubWFwcy5wbGFjZXMudjEuUGxhY2VzLlNlYXJjaFRleHQQAhgEIAA,https://kiratt.jp/kochi,高知県,矯正歯科
徳永歯科こども歯科,日本、〒813-0043 福岡県福岡市東区名島５丁目６−２８,813-0043,4.9,81,https://maps.google.com/?cid=520664614978176433&g_mp=Cidnb29nbGUubWFwcy5wbGFjZXMudjEuUGxhY2VzLlNlYXJjaFRleHQQAhgEIAA,https://tokunaga-child-dental.com/,福岡県,小児歯科
おきた歯科小児歯科クリニック,日本、〒813-0013 福岡県福岡市東区香椎駅前１丁目１２−２ Asset香椎 ３階,813-0013,4.8,97,https://maps.google.com/?cid=7703857866127210614&g_mp=Cidnb29nbGUubWFwcy5wbGFjZXMudjEuUGxhY2VzLlNlYXJjaFRleHQQAhgEIAA,https://okita-shika.com/,福岡県,小児歯科
福岡天神さいとう矯正歯科,日本、〒810-0021 福岡県福岡市中央区今泉１丁目１１−５ １階,810-0021,4.8,226,https://maps.google.com/?cid=333587167011825754&g_mp=Cidnb29nbGUubWFwcy5wbGFjZXMudjEuUGxhY2VzLlNlYXJjaFRleHQQAhgEIAA,https://saitodc-fukuoka.com/,福岡県,矯正歯科
福岡天神矯正歯科,日本、〒810-0023 福岡県福岡市中央区警固２丁目１７−１０ スパッヂョけやき通りビル2F,810-0023,4.8,132,https://maps.google.com/?cid=6707186308292665935&g_mp=Cidnb29nbGUubWFwcy5wbGFjZXMudjEuUGxhY2VzLlNlYXJjaFRleHQQAhgEIAA,http://fukuoka.rf-ortho.com/,福岡県,矯正歯科
天神キュア矯正歯科,日本、〒810-0001 福岡県福岡市中央区天神２丁目５−１７ プラッツ天神 501,810-0001,4.9,99,https://maps.google.com/?cid=9610209211347434263&g_mp=Cidnb29nbGUubWFwcy5wbGFjZXMudjEuUGxhY2VzLlNlYXJjaFRleHQQAhgEIAA,https://tenjinkyousei.com/?utm_source=google&utm_medium=map,福岡県,矯正歯科
安永矯正歯科医院 福岡,日本、〒810-0004 福岡県福岡市中央区渡辺通４丁目１−３６ Bivi福岡 1F,810-0004,4.6,127,https://maps.google.com/?cid=851273559174132770&g_mp=Cidnb29nbGUubWFwcy5wbGFjZXMudjEuUGxhY2VzLlNlYXJjaFRleHQQAhgEIAA,http://www.sato.or.jp/,福岡県,矯正歯科
いけなが矯正歯科クリニック,日本、〒810-0021 福岡県福岡市中央区中央区今泉１丁目２１−６ ジェンテビル 4F,810-0021,4.6,93,https://maps.google.com/?cid=2952821076186889934&g_mp=Cidnb29nbGUubWFwcy5wbGFjZXMudjEuUGxhY2VzLlNlYXJjaFRleHQQAhgEIAA,https://www.ikenaga-kyousei.com/?utm_source=Google&utm_medium=Map,福岡県,矯正歯科
福岡MA矯正歯科 福岡・天神,日本、〒810-0042 福岡県福岡市中央区赤坂１丁目１３−８ 赤坂ウィング 3階,810-0042,4.6,59,https://maps.google.com/?cid=14250785264331710674&g_mp=Cidnb29nbGUubWFwcy5wbGFjZXMudjEuUGxhY2VzLlNlYXJjaFRleHQQAhgEIAA,https://fukuoka-kyosei.com/?utm_source=google&utm_medium=map&utm_campaign=meo,福岡県,矯正歯科
樋口矯正歯科クリニック,日本、〒810-0001 福岡県福岡市中央区天神１丁目９−１７ 福岡天神フコク生命ビル 6Ｆ,810-0001,4.6,140,https://maps.google.com/?cid=13334317260276807740&g_mp=Cidnb29nbGUubWFwcy5wbGFjZXMudjEuUGxhY2VzLlNlYXJjaFRleHQQAhgEIAA,https://fukuoka-hanarabi.com/,福岡県,矯正歯科
YOSHIDA矯正歯科クリニック,日本、〒810-0001 福岡県福岡市中央区天神１丁目３−３８ １２１ビル ９階,810-0001,4.7,81,https://maps.google.com/?cid=10017879288984318388&g_mp=Cidnb29nbGUubWFwcy5wbGFjZXMudjEuUGxhY2VzLlNlYXJjaFRleHQQAhgEIAA,https://www.yoshida-kyousei.com/,福岡県,矯正歯科
Shiro矯正歯科 ホワイトエッセンス福岡藤崎,日本、〒814-0011 福岡県福岡市早良区高取１丁目３−２０ ファインガーデン高取 202 矯正歯科 マウスピース矯正 インビザライン 小児矯正,814-0011,4.9,96,https://maps.google.com/?cid=14825526583928464875&g_mp=Cidnb29nbGUubWFwcy5wbGFjZXMudjEuUGxhY2VzLlNlYXJjaFRleHQQAhgEIAA,https://www.shiro-kyousei-shika.com/,福岡県,矯正歯科
友枝歯科・矯正歯科クリニック福岡天神,日本、〒810-0041 福岡県福岡市中央区大名２丁目６−５０ ガーデンシティ 2F 天神 赤坂 歯医者 歯科 矯正歯科 マウスピース矯正 インビザライン ホワイトニング インプラント 審美歯科 セラミック,810-0041,4.9,156,https://maps.google.com/?cid=16930611390699421056&g_mp=Cidnb29nbGUubWFwcy5wbGFjZXMudjEuUGxhY2VzLlNlYXJjaFRleHQQAhgEIAA,https://www.tdc-tenjin.com/,福岡県,矯正歯科
ひがし矯正歯科クリニック,日本、〒810-0001 福岡県福岡市中央区天神２丁目３−２ 天神アイエスビル 7F,810-0001,4.6,67,https://maps.google.com/?cid=13578229025913990035&g_mp=Cidnb29nbGUubWFwcy5wbGFjZXMudjEuUGxhY2VzLlNlYXJjaFRleHQQAhgEIAA,https://www.e-hanarabi.com/?utm_source=gbp&utm_medium=google&utm_campaign=map,福岡県,矯正歯科
福岡天神リボン歯科・矯正歯科 インプラント,日本、〒810-0001 福岡県福岡市中央区天神２丁目７−８ 西天神ビル 7F,810-0001,4.9,121,https://maps.google.com/?cid=5395921900710376012&g_mp=Cidnb29nbGUubWFwcy5wbGFjZXMudjEuUGxhY2VzLlNlYXJjaFRleHQQAhgEIAA,https://ribon-shika.jp/tenjin/,福岡県,矯正歯科
天神駅前矯正歯科クリニック,日本、〒810-0041 福岡県福岡市中央区大名２丁目１−７ FPG リンクス天神 DAIMYO5F,810-0041,4.6,188,https://maps.google.com/?cid=4800777174284415706&g_mp=Cidnb29nbGUubWFwcy5wbGFjZXMudjEuUGxhY2VzLlNlYXJjaFRleHQQAhgEIAA,https://dd-dentalclinic.jp/lp/ddd/lp01/?ads=a-ahd_p-orthodontics_s-google_m-maps_o-reserve_d-organicfeed_tenjinc-cv_1&utm_source=google&utm_medium=maps&utm_campaign=a-ahd_p-orthodontics_s-google_m-maps_o-reserve_d-organicfeed_tenjinc-cv_1,福岡県,矯正歯科
しもだ矯正歯科クリニック,日本、〒810-0001 福岡県福岡市中央区天神２丁目１４−２ 福岡証券ビル B1F,810-0001,4.3,75,https://maps.google.com/?cid=12751219680558470262&g_mp=Cidnb29nbGUubWFwcy5wbGFjZXMudjEuUGxhY2VzLlNlYXJjaFRleHQQAhgEIAA,http://www.kyouseisika.com/?utm_source=google&utm_medium=map&utm_campaign=gbp,福岡県,矯正歯科
むらつ歯科クリニック,日本、〒812-0011 福岡県福岡市博多区博多駅前３丁目２６−２９,812-0011,4.8,101,https://maps.google.com/?cid=14977193596281632638&g_mp=Cidnb29nbGUubWFwcy5wbGFjZXMudjEuUGxhY2VzLlNlYXJjaFRleHQQAhgEIAA,https://muratsu-dc.jp//?utm_source=Google&utm_medium=map,福岡県,矯正歯科
博多矯正歯科KITTE博多院,日本、〒812-0012 福岡県福岡市博多区博多駅中央街９−１ KITTE博多 8階,812-0012,4.4,202,https://maps.google.com/?cid=5667459697779441669&g_mp=Cidnb29nbGUubWFwcy5wbGFjZXMudjEuUGxhY2VzLlNlYXJjaFRleHQQAhgEIAA,https://www.hakatakyousei.com/?utm_source=google&utm_medium=map,福岡県,矯正歯科
Oh my teeth 福岡博多矯正歯科,日本、〒812-0013 福岡県福岡市博多区博多駅東１丁目１２−８ 博多駅前ビル 4階A トヨタレンタリース,812-0013,4.7,141,https://maps.google.com/?cid=18096819995439875054&g_mp=Cidnb29nbGUubWFwcy5wbGFjZXMudjEuUGxhY2VzLlNlYXJjaFRleHQQAhgEIAA,https://www.oh-my-teeth.com/locations/hakata/?tags=gmb_hakata,福岡県,矯正歯科
MC天神こが歯科・矯正歯科,日本、〒810-0001 福岡県福岡市中央区天神５丁目７−７ 6階,810-0001,4.9,62,https://maps.google.com/?cid=4372940137241986699&g_mp=Cidnb29nbGUubWFwcy5wbGFjZXMudjEuUGxhY2VzLlNlYXJjaFRleHQQAhgEIAA,https://mctenjin-kogadental.com/,福岡県,矯正歯科
Sagan歯科こども歯科医院,日本、〒840-0027 佐賀県佐賀市本庄町本庄５０７−９,840-0027,4,76,https://maps.google.com/?cid=11087957468286471678&g_mp=Cidnb29nbGUubWFwcy5wbGFjZXMudjEuUGxhY2VzLlNlYXJjaFRleHQQAhgEIAA,https://sagan-dental.com/,佐賀県,小児歯科
佐賀さくら歯科親子歯科クリニック,日本、〒842-0056 佐賀県神埼市千代田町境原２６３５−２,842-0056,4.6,86,https://maps.google.com/?cid=8980614301190396724&g_mp=Cidnb29nbGUubWFwcy5wbGFjZXMudjEuUGxhY2VzLlNlYXJjaFRleHQQAhgEIAA,https://sagasakura.com/,佐賀県,小児歯科
みらい歯科・こども矯正歯科,日本、〒841-0005 佐賀県鳥栖市弥生が丘２丁目194番地,841-0005,4.5,186,https://maps.google.com/?cid=3007969773958239163&g_mp=Cidnb29nbGUubWFwcy5wbGFjZXMudjEuUGxhY2VzLlNlYXJjaFRleHQQAhgEIAA,https://www.mirai-dental.com/?utm_source=google&utm_medium=map,佐賀県,小児歯科
緒方歯科クリニック,日本、〒849-0926 佐賀県佐賀市若宮１丁目１９−２２,849-0926,4.5,56,https://maps.google.com/?cid=5993954043046397608&g_mp=Cidnb29nbGUubWFwcy5wbGFjZXMudjEuUGxhY2VzLlNlYXJjaFRleHQQAhgEIAA,http://www.ogata-dental.net/,佐賀県,小児歯科
イターナル歯科クリニック 佐賀本院,日本、〒840-0826 佐賀県佐賀市白山１丁目７−１,840-0826,4.5,126,https://maps.google.com/?cid=421586705714288118&g_mp=Cidnb29nbGUubWFwcy5wbGFjZXMudjEuUGxhY2VzLlNlYXJjaFRleHQQAhgEIAA,https://www.eternal-dc.com/,佐賀県,小児歯科
佐賀駅前矯正歯科,日本、〒840-0801 佐賀県佐賀市駅前中央１丁目１３−４０,840-0801,4.9,95,https://maps.google.com/?cid=14127393481397510296&g_mp=Cidnb29nbGUubWFwcy5wbGFjZXMudjEuUGxhY2VzLlNlYXJjaFRleHQQAhgEIAA,https://saga-ortho.com/?utm_source=google&utm_medium=map,佐賀県,矯正歯科
（医）TERRA寺谷矯正歯科クリニック,日本、〒840-0034 佐賀県佐賀市西与賀町厘外７３９−７,840-0034,4.8,58,https://maps.google.com/?cid=9445676367516045086&g_mp=Cidnb29nbGUubWFwcy5wbGFjZXMudjEuUGxhY2VzLlNlYXJjaFRleHQQAhgEIAA,http://www.terra-kyousei.com/,佐賀県,矯正歯科
スマイル髙城歯科,日本、〒840-0011 佐賀県佐賀市北川副町江上９５−１,840-0011,4.7,81,https://maps.google.com/?cid=15476250843444375892&g_mp=Cidnb29nbGUubWFwcy5wbGFjZXMudjEuUGxhY2VzLlNlYXJjaFRleHQQAhgEIAA,https://www.smileshika.net/?utm_source=google&utm_medium=mybusiness,佐賀県,矯正歯科
松尾歯科矯正歯科,日本、〒843-0023 佐賀県武雄市武雄町大字昭和４−１１,843-0023,4.7,73,https://maps.google.com/?cid=14143998534068645597&g_mp=Cidnb29nbGUubWFwcy5wbGFjZXMudjEuUGxhY2VzLlNlYXJjaFRleHQQAhgEIAA,https://www.matsuodc.com/,佐賀県,矯正歯科
ルアナファミリー歯科・矯正歯科,日本、〒841-0202 佐賀県三養基郡基山町長野1051番地9,841-0202,4.8,222,https://maps.google.com/?cid=15660544214816386375&g_mp=Cidnb29nbGUubWFwcy5wbGFjZXMudjEuUGxhY2VzLlNlYXJjaFRleHQQAhgEIAA,https://kiyama-dc.com/?utm_source=google&utm_medium=map&utm_campaign=gbp,佐賀県,矯正歯科
田口歯科医院,日本、〒850-0841 長崎県長崎市銅座町４−１ りそな長崎ビル,850-0841,4.7,97,https://maps.google.com/?cid=15404021990785170280&g_mp=Cidnb29nbGUubWFwcy5wbGFjZXMudjEuUGxhY2VzLlNlYXJjaFRleHQQAhgEIAA,http://www.taguchi-kidsdc.com/,長崎県,小児歯科
諫早ふじた歯科・矯正歯科,日本、〒859-0405 長崎県諫早市多良見町中里１２９−１４,859-0405,4.8,269,https://maps.google.com/?cid=1492406160166538721&g_mp=Cidnb29nbGUubWFwcy5wbGFjZXMudjEuUGxhY2VzLlNlYXJjaFRleHQQAhgEIAA,https://fujitashika.com/,長崎県,小児歯科
すずき矯正歯科,日本、〒852-8108 長崎県長崎市川口町1−１−１０６ Vivacity 浦上 Station Square 1F,852-8108,4.7,85,https://maps.google.com/?cid=9601680040360917035&g_mp=Cidnb29nbGUubWFwcy5wbGFjZXMudjEuUGxhY2VzLlNlYXJjaFRleHQQAhgEIAA,http://www.suzuki-or.com/?utm_source=google&utm_medium=maps,長崎県,矯正歯科
長崎マウスピース矯正歯科,日本、〒850-0841 長崎県長崎市銅座町７−２４ 長崎ＦＫビル 1階,850-0841,4.5,51,https://maps.google.com/?cid=18144222401993574068&g_mp=Cidnb29nbGUubWFwcy5wbGFjZXMudjEuUGxhY2VzLlNlYXJjaFRleHQQAhgEIAA,https://nagasaki-mouthpiece.com/,長崎県,矯正歯科
プレミアスマイル長崎矯正歯科,日本、〒852-8117 長崎県長崎市平野町１０−２ セントポールプロスペクトビル 2階,852-8117,4.5,51,https://maps.google.com/?cid=3262043567095124378&g_mp=Cidnb29nbGUubWFwcy5wbGFjZXMudjEuUGxhY2VzLlNlYXJjaFRleHQQAhgEIAA,https://www.premiersmile4u.com/,長崎県,矯正歯科
堀内歯科 矯正歯科・小児歯科,日本、〒854-0001 長崎県諫早市福田町３７−３,854-0001,4.7,73,https://maps.google.com/?cid=7913782015874186979&g_mp=Cidnb29nbGUubWFwcy5wbGFjZXMudjEuUGxhY2VzLlNlYXJjaFRleHQQAhgEIAA,https://www.horiuchi-sika.com/,長崎県,矯正歯科
ブライトデンタルクリニック,日本、〒856-0027 長崎県大村市植松３丁目１６０−１１,856-0027,4.9,86,https://maps.google.com/?cid=11497710227882890482&g_mp=Cidnb29nbGUubWFwcy5wbGFjZXMudjEuUGxhY2VzLlNlYXJjaFRleHQQAhgEIAA,https://www.bright-dc.net/,長崎県,矯正歯科
初台 はまだ歯科・矯正歯科,日本、〒151-0071 東京都渋谷区本町１丁目２−５ 初台ＡＩビル 2F,151-0071,4.4,65,https://maps.google.com/?cid=14577071980297594697&g_mp=Cidnb29nbGUubWFwcy5wbGFjZXMudjEuUGxhY2VzLlNlYXJjaFRleHQQAhgEIAA,http://www.hamada-dc.com/?utm_source=google&utm_medium=GMB&utm_term=&utm_campaign=news,長崎県,矯正歯科
ひかる歯科ちえこども歯科,日本、〒862-0949 熊本県熊本市中央区国府２丁目１７−４１,862-0949,4.7,109,https://maps.google.com/?cid=7545414535413916730&g_mp=Cidnb29nbGUubWFwcy5wbGFjZXMudjEuUGxhY2VzLlNlYXJjaFRleHQQAhgEIAA,https://hikarushika.com/,熊本県,小児歯科
新屋敷津田歯科こども歯科,日本、〒862-0975 熊本県熊本市中央区新屋敷１丁目２１−１０,862-0975,4.7,60,https://maps.google.com/?cid=1122851709202326859&g_mp=Cidnb29nbGUubWFwcy5wbGFjZXMudjEuUGxhY2VzLlNlYXJjaFRleHQQAhgEIAA,http://www.tsuda-dental.com/?utm_source=google&utm_medium=maps,熊本県,小児歯科
熊本パール総合歯科・矯正歯科・こども歯科クリニック 中央院,日本、〒862-0971 熊本県熊本市中央区大江３丁目６−１０,862-0971,4.7,264,https://maps.google.com/?cid=17686897053711778632&g_mp=Cidnb29nbGUubWFwcy5wbGFjZXMudjEuUGxhY2VzLlNlYXJjaFRleHQQAhgEIAA,http://www.par-dc.jp/,熊本県,小児歯科
いろどり歯科こども歯科クリニック,日本、〒861-1103 熊本県合志市野々島５４９０−４,861-1103,4.5,59,https://maps.google.com/?cid=5160024773965667748&g_mp=Cidnb29nbGUubWFwcy5wbGFjZXMudjEuUGxhY2VzLlNlYXJjaFRleHQQAhgEIAA,https://irodori-kids-dc.com/,熊本県,小児歯科
熊本パール総合歯科・矯正歯科・こども歯科クリニック SAKURA MACHI Kumamoto院,日本、〒216区画 熊本県熊本市中央区桜町３ 2階 JP 8600805 熊本県 熊本市中央区桜町3番10号 SAKURA MACHI,216区画,4.6,239,https://maps.google.com/?cid=8947335075150414753&g_mp=Cidnb29nbGUubWFwcy5wbGFjZXMudjEuUGxhY2VzLlNlYXJjaFRleHQQAhgEIAA,https://www.par-dc.jp/,熊本県,小児歯科
出口歯科おとな•こども歯科クリニック,日本、〒862-0965 熊本県熊本市南区田井島２丁目２−３６,862-0965,4.5,54,https://maps.google.com/?cid=7369561339009365761&g_mp=Cidnb29nbGUubWFwcy5wbGFjZXMudjEuUGxhY2VzLlNlYXJjaFRleHQQAhgEIAA,https://www.deguchi-dc.jp/,熊本県,小児歯科
熊本パール総合歯科・矯正歯科・こども歯科クリニック 宇土院,日本、〒869-0452 熊本県宇土市高柳町 字島之内20-9,869-0452,4.6,300,https://maps.google.com/?cid=10277154008765511850&g_mp=Cidnb29nbGUubWFwcy5wbGFjZXMudjEuUGxhY2VzLlNlYXJjaFRleHQQAhgEIAA,http://www.par-dc.jp/,熊本県,小児歯科
やまだ歯科・こども歯科・矯正歯科クリニック熊本院,日本、〒861-4137 熊本県熊本市南区野口３丁目１９−８,861-4137,4,57,https://maps.google.com/?cid=6871219693428039343&g_mp=Cidnb29nbGUubWFwcy5wbGFjZXMudjEuUGxhY2VzLlNlYXJjaFRleHQQAhgEIAA,https://www.yamada-kidsdc.com/,熊本県,小児歯科
熊本パール総合歯科·矯正歯科·こども歯科クリニック 健軍院,日本、〒862-0911 熊本県熊本市東区健軍３丁目２４−２２,862-0911,4.4,276,https://maps.google.com/?cid=17149834006289528823&g_mp=Cidnb29nbGUubWFwcy5wbGFjZXMudjEuUGxhY2VzLlNlYXJjaFRleHQQAhgEIAA,http://www.par-dc.jp/,熊本県,小児歯科
クリア総合歯科クリニック,日本、〒861-4171 熊本県熊本市南区御幸西２丁目３−６５,861-4171,4.8,132,https://maps.google.com/?cid=15225070402619961116&g_mp=Cidnb29nbGUubWFwcy5wbGFjZXMudjEuUGxhY2VzLlNlYXJjaFRleHQQAhgEIAA,https://clear-dc.com/,熊本県,小児歯科
熊本フェリス総合歯科クリニック,日本、〒869-1101 熊本県菊池郡菊陽町津久礼２４２０−１１,869-1101,4.4,141,https://maps.google.com/?cid=10887765158202889690&g_mp=Cidnb29nbGUubWFwcy5wbGFjZXMudjEuUGxhY2VzLlNlYXJjaFRleHQQAhgEIAA,https://feliz-dc.com/,熊本県,小児歯科
ひがし歯科医院,日本、〒861-3102 熊本県上益城郡嘉島町下六嘉１８７８−３,861-3102,4.8,223,https://maps.google.com/?cid=2389575561641692774&g_mp=Cidnb29nbGUubWFwcy5wbGFjZXMudjEuUGxhY2VzLlNlYXJjaFRleHQQAhgEIAA,https://www.higashishika.com/,熊本県,小児歯科
医療法人社団幸歯会 元島歯科クリニック,日本、〒862-0913 熊本県熊本市東区尾ノ上１丁目７−２０,862-0913,4.9,253,https://maps.google.com/?cid=16193427126085338411&g_mp=Cidnb29nbGUubWFwcy5wbGFjZXMudjEuUGxhY2VzLlNlYXJjaFRleHQQAhgEIAA,https://motoshima-dc.jp/,熊本県,小児歯科
熊本上通矯正歯科クリニック,日本、〒860-0845 熊本県熊本市中央区上通町７−２ モアーズビル上通 2階,860-0845,4.7,141,https://maps.google.com/?cid=2481965662427166808&g_mp=Cidnb29nbGUubWFwcy5wbGFjZXMudjEuUGxhY2VzLlNlYXJjaFRleHQQAhgEIAA,https://dd-dentalclinic.jp/lp/ddd/lp01/?ads=a-ahd_p-orthodontics_s-google_m-maps_o-reserve_d-organicfeed_kumamotoc-cv_1&utm_source=google&utm_medium=maps&utm_campaign=a-ahd_p-orthodontics_s-google_m-maps_o-reserve_d-organicfeed_kumamotoc-cv_1,熊本県,矯正歯科
熊本DAN矯正歯科クリニック,日本、〒860-0845 熊本県熊本市中央区上通町１−１,860-0845,4.4,94,https://maps.google.com/?cid=3266997512926762712&g_mp=Cidnb29nbGUubWFwcy5wbGFjZXMudjEuUGxhY2VzLlNlYXJjaFRleHQQAhgEIAA,http://www.dan-kyousei.com/,熊本県,矯正歯科
医療法人 熊本駅前矯正歯科クリニック,日本、〒860-0047 熊本県熊本市西区春日５丁目２−１,860-0047,4.1,77,https://maps.google.com/?cid=10805701349868984027&g_mp=Cidnb29nbGUubWFwcy5wbGFjZXMudjEuUGxhY2VzLlNlYXJjaFRleHQQAhgEIAA,https://kumamoto-ekimae-kc.com/,熊本県,矯正歯科
けやき通り歯科・矯正歯科,日本、〒862-0962 熊本県熊本市南区田迎２丁目１８−１２,862-0962,4.6,126,https://maps.google.com/?cid=14703233717465724685&g_mp=Cidnb29nbGUubWFwcy5wbGFjZXMudjEuUGxhY2VzLlNlYXJjaFRleHQQAhgEIAA,https://www.keyaki.org/?utm_source=google&utm_medium=map,熊本県,矯正歯科
熊本パール総合歯科・矯正歯科クリニックAMUPLAZA熊本院(医療ホワイトニング・インプラント),日本、〒860-0047 熊本県熊本市西区春日３丁目１５−２６ アミュプラザくまもと 5階 531区画,860-0047,4.6,135,https://maps.google.com/?cid=9682463488126301810&g_mp=Cidnb29nbGUubWFwcy5wbGFjZXMudjEuUGxhY2VzLlNlYXJjaFRleHQQAhgEIAA,https://www.par-dc.jp/,熊本県,矯正歯科
川口歯科医院,日本、〒861-8039 熊本県熊本市東区長嶺南１丁目２−１８,861-8039,4.8,105,https://maps.google.com/?cid=15931477119610997264&g_mp=Cidnb29nbGUubWFwcy5wbGFjZXMudjEuUGxhY2VzLlNlYXJjaFRleHQQAhgEIAA,http://kumamoto-shika.com/,熊本県,矯正歯科
医療法人友枝会 友枝総合歯科・矯正歯科,日本、〒861-8001 熊本県熊本市北区武蔵ケ丘５丁目１−１６,861-8001,4.4,62,https://maps.google.com/?cid=7371283442096789913&g_mp=Cidnb29nbGUubWFwcy5wbGFjZXMudjEuUGxhY2VzLlNlYXJjaFRleHQQAhgEIAA,https://tdc-kumamoto.com/,熊本県,矯正歯科
たけお歯科クリニック,日本、〒870-1161 大分県大分市木上２０５９,870-1161,4.8,236,https://maps.google.com/?cid=1910093277221925498&g_mp=Cidnb29nbGUubWFwcy5wbGFjZXMudjEuUGxhY2VzLlNlYXJjaFRleHQQAhgEIAA,http://www.takeo-dc.com/?utm_source=google&utm_medium=maps,大分県,小児歯科
谷川デンタルクリニック,日本、〒870-0822 大分県大分市大道町４丁目２−３２,870-0822,4.8,150,https://maps.google.com/?cid=8466747549805515392&g_mp=Cidnb29nbGUubWFwcy5wbGFjZXMudjEuUGxhY2VzLlNlYXJjaFRleHQQAhgEIAA,http://www.tanigawa-dentalclinic.com/?utm_source=google&utm_medium=maps,大分県,小児歯科
徳丸歯科医院,日本、〒870-1123 大分県大分市寒田１０３６−１,870-1123,4.8,399,https://maps.google.com/?cid=6786519725694028649&g_mp=Cidnb29nbGUubWFwcy5wbGFjZXMudjEuUGxhY2VzLlNlYXJjaFRleHQQAhgEIAA,https://www.tokumaru-shika.com/?utm_source=Google&utm_medium=map&utm_campaign=gbp,大分県,小児歯科
医療法人きし歯科ファミリークリニック,日本、〒870-0850 大分県大分市賀来西１丁目１２−３ リンツガーデンウォーク内,870-0850,4.5,154,https://maps.google.com/?cid=15239455778200484032&g_mp=Cidnb29nbGUubWFwcy5wbGFjZXMudjEuUGxhY2VzLlNlYXJjaFRleHQQAhgEIAA,https://kishi-dental.com/?utm_source=google&utm_medium=maps,大分県,小児歯科
大分矯正歯科,日本、〒870-0027 大分県大分市末広町１丁目１−３２ 末広ビル 6F,870-0027,4.7,112,https://maps.google.com/?cid=14759799330534354844&g_mp=Cidnb29nbGUubWFwcy5wbGFjZXMudjEuUGxhY2VzLlNlYXJjaFRleHQQAhgEIAA,https://oita-ortho.com/,大分県,矯正歯科
新港イトセ歯科,日本、〒874-0923 大分県別府市新港町５−１ シャインリゾート別府 2F,874-0923,4.6,114,https://maps.google.com/?cid=13594854588965267735&g_mp=Cidnb29nbGUubWFwcy5wbGFjZXMudjEuUGxhY2VzLlNlYXJjaFRleHQQAhgEIAA,https://www.itoseshika.com/,大分県,矯正歯科
しろくま歯科◇矯正歯科,日本、〒874-0924 大分県別府市餅ケ浜町９−３９,874-0924,4.2,62,https://maps.google.com/?cid=17256898930468285178&g_mp=Cidnb29nbGUubWFwcy5wbGFjZXMudjEuUGxhY2VzLlNlYXJjaFRleHQQAhgEIAA,https://shirokuma-dental.jp/,大分県,矯正歯科
宮崎台デンタルクリニック,日本、〒216-0033 神奈川県川崎市宮前区宮崎２丁目８−４４ 1F,216-0033,3.9,54,https://maps.google.com/?cid=4130436463188801165&g_mp=Cidnb29nbGUubWFwcy5wbGFjZXMudjEuUGxhY2VzLlNlYXJjaFRleHQQAhgEIAA,https://miyazakidai-dc.com/?utm_source=google&utm_medium=maps,宮崎県,小児歯科
宮崎マウスピース矯正歯科,日本、〒880-0844 宮崎県宮崎市柳丸町153番地1 パティオ柳丸C1 4,880-0844,4.9,117,https://maps.google.com/?cid=8183108011499696033&g_mp=Cidnb29nbGUubWFwcy5wbGFjZXMudjEuUGxhY2VzLlNlYXJjaFRleHQQAhgEIAA,https://miyazaki-mouthpiece.com/,宮崎県,矯正歯科
松井たかし矯正歯科クリニック 宮崎橘通り分院,日本、〒880-0805 宮崎県宮崎市橘通東４丁目１−１ 瀬尾ビル ３Ｆ,880-0805,4.8,108,https://maps.google.com/?cid=12606500660084480167&g_mp=Cidnb29nbGUubWFwcy5wbGFjZXMudjEuUGxhY2VzLlNlYXJjaFRleHQQAhgEIAA,https://happysmile-m.com/,宮崎県,矯正歯科
おか歯科,日本、〒880-0873 宮崎県宮崎市堀川町１７７−１,880-0873,4.2,86,https://maps.google.com/?cid=18167099359026598601&g_mp=Cidnb29nbGUubWFwcy5wbGFjZXMudjEuUGxhY2VzLlNlYXJjaFRleHQQAhgEIAA,http://www.okashika.jp/,宮崎県,矯正歯科
ななつ星歯科,日本、〒890-0046 鹿児島県鹿児島市西田１丁目５−１ 鹿児島高見橋ビル １階,890-0046,4.9,305,https://maps.google.com/?cid=1867664764901600767&g_mp=Cidnb29nbGUubWFwcy5wbGFjZXMudjEuUGxhY2VzLlNlYXJjaFRleHQQAhgEIAA,https://nanatsuboshi-shika.jp/,鹿児島県,小児歯科
しゃもとデンタルクリニック,日本、〒890-0024 鹿児島県鹿児島市明和１丁目２５−１ ファミリープラザめいわ 1F,890-0024,4.8,63,https://maps.google.com/?cid=5886047813827397969&g_mp=Cidnb29nbGUubWFwcy5wbGFjZXMudjEuUGxhY2VzLlNlYXJjaFRleHQQAhgEIAA,https://shamoto-dc.jp/,鹿児島県,小児歯科
SAKUデンタルクリニック,日本、〒892-0846 鹿児島県鹿児島市加治屋町１９−１３ D design まちの杜 2階,892-0846,4.9,72,https://maps.google.com/?cid=14232112747658437333&g_mp=Cidnb29nbGUubWFwcy5wbGFjZXMudjEuUGxhY2VzLlNlYXJjaFRleHQQAhgEIAA,https://saku-dc.com/,鹿児島県,小児歯科
医療法人篤志会 さこだ歯科,日本、〒890-0053 鹿児島県鹿児島市中央町１９−４０ Li-Ka1920 6F,890-0053,4.3,353,https://maps.google.com/?cid=7722535331482139867&g_mp=Cidnb29nbGUubWFwcy5wbGFjZXMudjEuUGxhY2VzLlNlYXJjaFRleHQQAhgEIAA,https://tokushikai.jp/sakoda-dc/,鹿児島県,小児歯科
鹿児島セントラル歯科・矯正歯科,日本、〒890-0053 鹿児島県鹿児島市中央町１０ キャンセ ビル 6階 イオン鹿児島中央店内,890-0053,4.4,157,https://maps.google.com/?cid=5560218438010031496&g_mp=Cidnb29nbGUubWFwcy5wbGFjZXMudjEuUGxhY2VzLlNlYXJjaFRleHQQAhgEIAA,http://centralkcc.jp/,鹿児島県,小児歯科
永田デンタルクリニック,日本、〒890-0055 鹿児島県鹿児島市上荒田町２０−１０,890-0055,4.4,71,https://maps.google.com/?cid=3606117400279757646&g_mp=Cidnb29nbGUubWFwcy5wbGFjZXMudjEuUGxhY2VzLlNlYXJjaFRleHQQAhgEIAA,http://nagata-shika.net/,鹿児島県,小児歯科
田中矯正歯科,日本、〒890-0053 鹿児島県鹿児島市中央町２１−１４,890-0053,4.8,108,https://maps.google.com/?cid=17630813914715519943&g_mp=Cidnb29nbGUubWFwcy5wbGFjZXMudjEuUGxhY2VzLlNlYXJjaFRleHQQAhgEIAA,http://hayanokai.com/,鹿児島県,矯正歯科
えなつ歯科・矯正クリニック,日本、〒890-0045 鹿児島県鹿児島市武３丁目１０−４,890-0045,4.4,80,https://maps.google.com/?cid=5343162773100311121&g_mp=Cidnb29nbGUubWFwcy5wbGFjZXMudjEuUGxhY2VzLlNlYXJjaFRleHQQAhgEIAA,https://enatsu-dc.com/,鹿児島県,矯正歯科
鹿児島ローズ歯科・矯正歯科 リュクス,日本、〒890-0053 鹿児島県鹿児島市中央町１１ 鹿児島中央ターミナルビル 1F 鹿児島 インプラント インビザライン マウスピース矯正 セラミック ボツリヌス療法,890-0053,4.9,152,https://maps.google.com/?cid=17671864893997402216&g_mp=Cidnb29nbGUubWFwcy5wbGFjZXMudjEuUGxhY2VzLlNlYXJjaFRleHQQAhgEIAA,https://rose-smile.com/clinic-luxe?utm_source=google&utm_medium=map&utm_campaign=gbp,鹿児島県,矯正歯科
鹿児島ローズ歯科・矯正歯科 アミュプラザ,日本、〒890-0053 鹿児島県鹿児島市中央町1番地1 アミュプラザ鹿児島プレミアム館 7F 鹿児島 インプラント インビザライン マウスピース矯正 セラミック ボツリヌス療法,890-0053,4.7,216,https://maps.google.com/?cid=17928960807286670188&g_mp=Cidnb29nbGUubWFwcy5wbGFjZXMudjEuUGxhY2VzLlNlYXJjaFRleHQQAhgEIAA,https://rose-smile.com/clinic-amu?utm_source=google&utm_medium=map&utm_campaign=gbp,鹿児島県,矯正歯科
鹿児島こうづま歯科・矯正歯科,日本、〒891-0150 鹿児島県鹿児島市坂之上４丁目２３−１３ こうづま歯科医院 鹿児島 インプラント インビザライン マウスピース矯正 セラミック ボツリヌス療法,891-0150,4.7,131,https://maps.google.com/?cid=14660365831704562541&g_mp=Cidnb29nbGUubWFwcy5wbGFjZXMudjEuUGxhY2VzLlNlYXJjaFRleHQQAhgEIAA,http://ko-zuma.jp/m/?utm_source=google&utm_medium=map&utm_campaign=gbp,鹿児島県,矯正歯科
