スコア,医院名,医院長名,郵便番号,住所,基礎評価,来院患者数,子ども対応力,Web積極性,医院規模,ブログ活動,営業時間,ブログ更新日,電話番号,WebサイトURL,評価,レビュー件数,診療科目タグ,写真枚数,SNS連携,子ども対応力スコア,Google Maps URL
80,だいご歯科 戸田公園おとなこども歯科・口腔外科・矯正歯科,,,日本、〒335-0023 埼玉県戸田市本町５丁目１３−２６ 江口戸田公園ビル 2F,10,15,30,5,20,0,月-土 9:00-18:00,,048-434-6480,http://www.daigo-dental.com/,4,270,"dentist,doctor,establishment,health,point_of_interest",10,,30,https://maps.google.com/?cid=
80,LeaLea歯科・矯正歯科クリニック,,,日本、〒340-0816 埼玉県八潮市中央１丁目２９−６,10,15,30,5,20,0,月-土 9:00-18:00,,048-998-7821,https://yashio-haisha.dental/?utm_source=google&utm_medium=my_business&utm_campaign=top,4.7,268,"dentist,doctor,establishment,health,point_of_interest",10,,30,https://maps.google.com/?cid=
80,大宮駅前矯正歯科クリニック,,,日本、〒330-0854 埼玉県さいたま市大宮区桜木町２丁目1−１ 大宮アルシェ B1F,10,15,30,5,20,0,月-土 9:00-18:00,,048-788-4375,https://dd-dentalclinic.jp/lp/ddd/lp01/?ads=a-ahd_p-orthodontics_s-google_m-maps_o-reserve_d-organicfeed_omiyac-cv_1&utm_source=google&utm_medium=maps&utm_campaign=a-ahd_p-orthodontics_s-google_m-maps_o-reserve_d-organicfeed_omiyac-cv_1,4.8,449,"dentist,establishment,health,point_of_interest",10,,30,https://maps.google.com/?cid=
80,蕨歯科・矯正歯科,,,日本、〒335-0004 埼玉県蕨市中央３丁目２−１ グレイス柳橋 1F,10,15,30,5,20,0,月-土 9:00-18:00,,048-242-5535,https://www.warabi-dental.net/,4.6,327,"dentist,establishment,health,point_of_interest",10,,30,https://maps.google.com/?cid=
80,浦和もちまる歯科・矯正歯科クリニック,,,日本、〒330-0063 埼玉県さいたま市浦和区高砂２丁目６−１０ 柳屋ビル 2F,10,15,30,5,20,0,月-土 9:00-18:00,,048-824-1182,https://www.mochimaru-shika.com/,4.4,343,"dentist,doctor,establishment,health,point_of_interest",10,,30,https://maps.google.com/?cid=
80,大宮歯科・矯正歯科,,,日本、〒330-0846 埼玉県さいたま市大宮区大門町２丁目118番地 大宮門街 4階,10,15,30,5,20,0,月-土 9:00-18:00,,048-778-7768,https://omiyashika-kyouseishika.com/,4.7,565,"dentist,establishment,health,point_of_interest",10,,30,https://maps.google.com/?cid=
80,大宮SHIN矯正歯科,,,日本、〒330-0854 埼玉県さいたま市大宮区桜木町１丁目1−１２ NYビル 3F,10,15,30,5,20,0,月-土 9:00-18:00,,048-778-7688,https://shin-ortho.com/?utm_source=google&utm_medium=map,4.6,276,"dentist,establishment,health,point_of_interest",10,,30,https://maps.google.com/?cid=
80,川口リボンシティ歯科・矯正歯科 インプラント,,,日本、〒332-0033 埼玉県川口市並木元町１−６５ リボンシティコミュニティー 1階,10,15,30,5,20,0,月-土 9:00-18:00,,048-241-5566,https://ribon-shika.jp/kawaguchi/,4.6,362,"dentist,doctor,establishment,health,point_of_interest",10,,30,https://maps.google.com/?cid=
80,武蔵浦和歯科・矯正歯科,,,"日本、〒336-0027 埼玉県さいたま市南区沼影１丁目８−１８ ザ・マーケットプレイス武蔵浦和, ４F",10,15,30,5,20,0,月-土 9:00-18:00,,048-753-9800,https://musashi-urawa-dental.com/,4.6,171,"dentist,establishment,health,point_of_interest",10,,30,https://maps.google.com/?cid=
80,川口歯科・矯正歯科,,,日本、〒332-0017 埼玉県川口市栄町３丁目８−１０ グットラックビル 歯医者 審美歯科 インプラント 矯正 ホワイトニング セラミック 歯周病,10,15,30,5,20,0,月-土 9:00-18:00,,048-420-9661,https://www.dc-kawaguchi.com/,4.1,315,"dentist,establishment,health,point_of_interest",10,,30,https://maps.google.com/?cid=
80,和光市歯医者・矯正歯科｜和光市デンタルオフィス インプラント・矯正ステーション,,,日本、〒351-0114 埼玉県和光市本町４−７ EQUiA PREMIE 和光3F,10,15,30,5,20,0,月-土 9:00-18:00,,048-423-9637,https://www.wakoshi-dental.com/?utm_source=google&utm_medium=maps,4.6,467,"dentist,doctor,establishment,health,point_of_interest",10,,30,https://maps.google.com/?cid=
80,志木駅前歯科・矯正歯科,,,日本、〒352-0001 埼玉県新座市東北２丁目３０−３０ 21TAIRAYA志木 店3F,10,15,30,5,20,0,月-土 9:00-18:00,,048-423-8814,http://www.shiki-ekimae.com/,4.7,370,"dentist,doctor,establishment,health,point_of_interest",10,,30,https://maps.google.com/?cid=
80,パール小児歯科医院,,,日本、〒273-8567 千葉県船橋市本町７丁目１−１ 東武百貨店 船橋店,10,15,30,5,20,0,月-土 9:00-18:00,,0120-458-241,https://pearl-kodomo.com/,4.9,120,"dentist,establishment,health,point_of_interest",10,,30,https://maps.google.com/?cid=
80,あい歯科 矯正・こども歯科,,,日本、〒285-0905 千葉県印旛郡酒々井町上岩橋６７−１,10,15,30,5,20,0,月-土 9:00-18:00,,043-496-0007,http://www.ai-shika-shisui.com/,4.6,103,"dentist,establishment,health,point_of_interest",10,,30,https://maps.google.com/?cid=
75,うけがわ歯科弥平・矯正歯科,,,日本、〒332-0002 埼玉県川口市弥平２丁目１−１,10,10,30,5,20,0,月-土 9:00-18:00,,048-226-6480,https://www.ukegawa-shika.jp/?utm_source=Google&utm_medium=map&utm_campaign=GBP,4.4,87,"dentist,doctor,establishment,health,point_of_interest",10,,30,https://maps.google.com/?cid=
75,大宮リボン歯科・矯正歯科 インプラント,,,日本、〒330-0846 埼玉県さいたま市大宮区大門町１丁目２６ アイ大宮東ビル 3F,10,10,30,5,20,0,月-土 9:00-18:00,,048-642-1582,https://ribon-shika.jp/omiya/,4.9,69,"dentist,doctor,establishment,health,point_of_interest",10,,30,https://maps.google.com/?cid=
75,マロニエ矯正歯科クリニック,,,日本、〒340-0034 埼玉県草加市氷川町2121−５ ケイユービル 5階,10,15,30,5,15,0,月-土 9:00-18:00,,048-959-9087,https://www.marronnier-kyousei.com/,4.1,140,"dentist,establishment,health,point_of_interest",9,,30,https://maps.google.com/?cid=
75,オーラルケア浦安歯科・小児歯科・矯正歯科,,,日本、〒279-0042 千葉県浦安市東野３丁目４−１ アクロスプラザ浦安東野 2F,10,10,30,5,20,0,月-土 9:00-18:00,,047-354-0025,http://www.oralcare-urayasu.com/,4.3,68,"dentist,doctor,establishment,health,point_of_interest",10,,30,https://maps.google.com/?cid=
75,船橋こども歯科,,,日本、〒273-0005 千葉県船橋市本町１丁目１３−１９ ＡＢキューブ 4階,10,10,30,5,20,0,月-土 9:00-18:00,,047-431-0777,http://www.funabashi-kodomo-dc.com/,4.7,92,"dentist,doctor,establishment,health,point_of_interest",10,,30,https://maps.google.com/?cid=
75,津田沼こども歯科・ おとなこども矯正歯科,,,日本、〒274-0825 千葉県船橋市前原西２丁目１４−８ 津田沼パスタビル ６F,10,10,30,5,20,0,月-土 9:00-18:00,,047-406-4477,https://www.tsudanuma-kodomo-dc.com/,4.9,70,"dentist,establishment,health,point_of_interest",10,,30,https://maps.google.com/?cid=
70,こばとこどものはいしゃさん,,,日本、〒336-0918 埼玉県さいたま市緑区松木３丁目26−３１,10,5,30,5,20,0,月-土 9:00-18:00,,048-816-9476,https://kobato-kodomodc.com/,4.9,40,"dentist,doctor,establishment,health,point_of_interest",10,,30,https://maps.google.com/?cid=
70,和光おとなこども歯科,,,日本、〒351-0111 埼玉県和光市下新倉２丁目１０−３,10,5,30,5,20,0,月-土 9:00-18:00,,048-460-4600,https://wako-shika.com/,4.1,45,"dentist,doctor,establishment,health,point_of_interest",10,,30,https://maps.google.com/?cid=
70,栄田歯科こども歯科クリニック,,,日本、〒350-2202 埼玉県鶴ヶ島市五味ヶ谷３４３−４,10,5,30,5,20,0,月-土 9:00-18:00,,049-277-4840,https://sakaeda-kids.com/,4.9,46,"dentist,establishment,health,point_of_interest",10,,30,https://maps.google.com/?cid=
70,やまぐち矯正歯科,,,日本、〒359-0021 埼玉県所沢市東所沢５丁目１−１３,10,5,30,5,20,0,月-土 9:00-18:00,,04-2941-5407,https://yamaguchi-ortho.net/?utm_source=gmb&utm_medium=gmb&utm_campaign=20230315,4.6,28,"dentist,establishment,health,point_of_interest",10,,30,https://maps.google.com/?cid=
70,ファミリア歯科矯正,,,日本、〒330-0854 埼玉県さいたま市大宮区桜木町１丁目７−５ 大宮ソニックシティ 12F,10,10,30,5,15,0,月-土 9:00-18:00,,048-644-7055,http://www.familia-ortho.or.jp/,4.7,63,"dentist,establishment,health,point_of_interest",8,,30,https://maps.google.com/?cid=
70,南浦和歯医者・矯正歯科,,,日本、〒336-0018 埼玉県さいたま市南区南本町１丁目８−１ 小池レジデンス ２階,10,5,30,5,20,0,月-土 9:00-18:00,,048-789-6480,https://minamiurawa-shika.com/,4.9,31,"dentist,doctor,establishment,health,point_of_interest",10,,30,https://maps.google.com/?cid=
70,アルファ矯正歯科クリニック,,,日本、〒351-0112 埼玉県和光市丸山台１丁目１０−４ F's BOX4F,10,5,30,5,20,0,月-土 9:00-18:00,,048-451-4187,http://www.alpha-ortho.com/?utm_source=google&utm_medium=map,4.3,21,"dentist,establishment,health,point_of_interest",10,,30,https://maps.google.com/?cid=
70,遠藤矯正歯科,,,日本、〒330-0071 埼玉県さいたま市浦和区上木崎１丁目１−１ 与野駅西口ビル 2F,10,5,30,5,20,0,月-土 9:00-18:00,,048-767-7399,https://www.endo-ortho.com/,5,26,"dentist,establishment,health,point_of_interest",10,,30,https://maps.google.com/?cid=
70,ケアキュア小児歯科,,,日本、〒271-0092 千葉県松戸市松戸１２３９−１ 関根ビル 2階,10,5,30,5,20,0,月-土 9:00-18:00,,047-393-8455,https://www.carecure-dc-matsudo.com/,4.5,43,"doctor,establishment,health,point_of_interest",10,,30,https://maps.google.com/?cid=
70,うのもりモール歯科クリニック｜千葉市中央区 小児歯科 予防歯科,,,日本、〒260-0816 千葉県千葉市中央区鵜の森町３−１ うのもりモール 2F,10,5,30,5,20,0,月-土 9:00-18:00,,043-312-5890,https://um-dc.com/,4.4,41,"dentist,doctor,establishment,health,point_of_interest",10,,30,https://maps.google.com/?cid=
65,戸田おとなこども歯科,,,日本、〒335-0021 埼玉県戸田市新曽８０５−１,10,10,30,5,10,0,月-土 9:00-18:00,,048-229-0130,http://www.toda-dentalclinic.com/branch/,4.2,81,"dentist,establishment,health,point_of_interest",4,,30,https://maps.google.com/?cid=
65,千葉こどもの歯医者さん,,,日本、〒263-0043 千葉県千葉市稲毛区小仲台２丁目５−３ 稲栄ビル 6F,10,10,30,5,10,0,月-土 9:00-18:00,,,https://kidsdental.jp/,4.7,56,"dentist,doctor,establishment,health,point_of_interest",1,,30,https://maps.google.com/?cid=
60,ニコおとなこども歯科,,,日本、〒336-0017 埼玉県さいたま市南区南浦和２丁目３７−２,0,5,30,5,20,0,月-土 9:00-18:00,,048-767-8534,https://www.nico-kids-dental.com/,3.8,29,"dentist,establishment,health,point_of_interest",10,,30,https://maps.google.com/?cid=
60,まゆみ矯正こども歯科,,,１丁目-８-4 茜町 八潮市 埼玉県 340-0826 日本,10,0,30,5,15,0,月-土 9:00-18:00,,048-998-3335,http://edental.jp/,4.1,8,"dentist,establishment,health,point_of_interest",6,,30,https://maps.google.com/?cid=
60,東川口矯正歯科,,,日本、〒333-0801 埼玉県川口市東川口３丁目７−３３ コットンキャンディ東川口 2階,10,0,30,5,15,0,月-土 9:00-18:00,,048-294-5541,https://hk-ortho.jp/?utm_source=google&utm_medium=MAP,4.8,16,"dentist,establishment,health,point_of_interest",8,,30,https://maps.google.com/?cid=
60,こいずみ矯正歯科クリニック,,,日本、〒330-0055 埼玉県さいたま市浦和区東高砂町９−１ 5F,10,0,30,5,15,0,月-土 9:00-18:00,,048-883-4188,http://www.koizumi-kyousei.jp/,4.3,12,"dentist,establishment,health,point_of_interest",6,,30,https://maps.google.com/?cid=
55,こどもみらいデンタルクリニック,,,日本、〒335-0011 埼玉県戸田市下戸田１丁目７−８ モンテ・ボヌール 1階,10,0,30,5,10,0,月-土 9:00-18:00,,048-229-4614,https://kodomomirai0221.wixsite.com/kodomomiraidental,5,12,"dentist,doctor,establishment,health,point_of_interest",3,,30,https://maps.google.com/?cid=
55,むらまつおとなこども歯科,,,日本、〒336-0926 埼玉県さいたま市緑区東浦和５丁目１４−１０,10,0,30,5,10,0,月-土 9:00-18:00,,048-712-6480,https://www.muramatsu-okshika.com/,4.6,7,"establishment,health,point_of_interest",1,,30,https://maps.google.com/?cid=
55,予防と歯ならび子どもと家族の歯医者さん,,,日本、〒162-0833 東京都新宿区箪笥町３７−１ アーバンライフ神楽坂 101,10,0,30,5,10,0,月-土 9:00-18:00,,03-6280-8518,https://www.kodomonodental.com/,4.3,6,"establishment,health,point_of_interest",4,,30,https://maps.google.com/?cid=
55,おだか小児歯科,,,日本、〒261-0026 千葉県千葉市美浜区幕張西２丁目７−１６,10,0,30,5,10,0,月-土 9:00-18:00,,043-441-3786,http://www.odaka-dental.com/,5,1,"dentist,doctor,establishment,health,point_of_interest",3,,30,https://maps.google.com/?cid=
50,ニコデンタルクリニック,,,日本、〒332-0017 埼玉県川口市栄町３丁目５−１ 川口 ミツワビル 3階,10,15,0,5,20,0,月-土 9:00-18:00,,048-242-5178,http://www.nico-dental.jp/,4.2,173,"dentist,establishment,health,point_of_interest",10,,0,https://maps.google.com/?cid=
50,和光市歯科,,,"日本、〒351-0112 埼玉県和光市丸山台１丁目１０−１ MTCビル 1,2,6F",10,15,0,5,20,0,月-土 9:00-18:00,,048-450-7420,http://www.wakoshi-shika.com/,4.8,1009,"dentist,doctor,establishment,health,point_of_interest",10,,0,https://maps.google.com/?cid=
50,ふじさわ歯科クリニック,,,日本、〒332-0016 埼玉県川口市幸町２丁目１７−１−１０５,10,15,0,5,20,0,月-土 9:00-18:00,,048-255-6480,https://www.kawaguchi-shika.com/,4.3,180,"dentist,doctor,establishment,health,point_of_interest",10,,0,https://maps.google.com/?cid=
50,本八幡TaCファミリー歯科,,,日本、〒272-0023 千葉県市川市南八幡４丁目９−１ メガドンキホーテ 1階,10,15,0,5,20,0,月-土 9:00-18:00,,047-377-0770,https://www.tac-dental.jp/,4.7,501,"dentist,establishment,health,point_of_interest",10,,0,https://maps.google.com/?cid=
50,岡本歯科クリニック,,,日本、〒273-0036 千葉県船橋市東中山１丁目１８−８,10,15,0,5,20,0,月-土 9:00-18:00,,047-316-0839,https://www.okamoto-dent.net/?utm_source=google&utm_medium=map,4.8,781,"dentist,doctor,establishment,health,point_of_interest",10,,0,https://maps.google.com/?cid=
45,しらこばと歯科,,,日本、〒336-0917 埼玉県さいたま市緑区芝原１丁目5−１６ イーストパークURAWAⅢ A号,10,10,0,5,20,0,月-土 9:00-18:00,,048-767-8112,https://kobato-dental.com/,4.6,81,"dentist,doctor,establishment,health,point_of_interest",10,,0,https://maps.google.com/?cid=
45,千葉こども歯科,,,日本、〒263-0043 千葉県千葉市稲毛区小仲台６丁目１９−２５,0,0,30,5,10,0,月-土 9:00-18:00,,043-290-0022,http://www.kodomo.chiba.jp/,3.1,8,"dentist,doctor,establishment,health,point_of_interest",1,,30,https://maps.google.com/?cid=
40,せきね歯科クリニック,,,日本、〒332-0021 埼玉県川口市西川口６丁目７−２,10,5,0,5,20,0,月-土 9:00-18:00,,048-299-6087,https://www.sekinedental.net/,4.5,31,"dentist,establishment,health,point_of_interest",10,,0,https://maps.google.com/?cid=
35,なかよし家族の歯医者さん,,,日本、〒359-1102 埼玉県所沢市岩岡町２７９−１,10,0,0,5,20,0,月-土 9:00-18:00,,04-2968-4447,https://www.nakayoshi-haisya.jp/,4.2,18,"dentist,establishment,health,point_of_interest",10,,0,https://maps.google.com/?cid=
30,おこひら歯科医院,,,日本、〒263-0043 千葉県千葉市稲毛区小仲台７丁目３５−１５,10,0,0,5,15,0,月-土 9:00-18:00,,043-206-6606,http://okohira-dental.com/,4.1,16,"dentist,doctor,establishment,health,point_of_interest",6,,0,https://maps.google.com/?cid=
