スコア,医院名,医院長名,郵便番号,住所,基礎評価,来院患者数,子ども対応力,Web積極性,医院規模,ブログ活動,営業時間,ブログ更新日,電話番号,WebサイトURL,評価,レビュー件数,診療科目タグ,写真枚数,SNS連携,子ども対応力スコア,Google Maps URL
80,松尾歯科･おとなこども矯正歯科,,,日本、〒039-1536 青森県三戸郡五戸町愛宕後２６−１４,10,15,30,5,20,0,月-土 9:00-18:00,,0178-62-7055,http://www.matsuo-dc.info/,4.7,149,"dentist,establishment,health,point_of_interest",10,,30,https://maps.google.com/?cid=
80,盛岡となん歯科･こども矯正歯科,,,日本、〒020-0831 岩手県盛岡市三本柳７地割13番8号,10,15,30,5,20,0,月-土 9:00-18:00,,019-638-8680,https://tonandc.com/,4.9,262,"dentist,doctor,establishment,health,point_of_interest",10,,30,https://maps.google.com/?cid=
75,のへじ矯正小児歯科,,,日本、〒039-3141 青森県上北郡野辺地町鳴沢３６−１,10,10,30,5,20,0,月-土 9:00-18:00,,0175-64-6605,https://noheji.kamiden.net/,4.5,56,"dentist,doctor,establishment,health,point_of_interest",10,,30,https://maps.google.com/?cid=
75,村井産婦人科小児歯科医院,,,日本、〒020-0851 岩手県盛岡市向中野道明55,10,15,30,5,15,0,月-土 9:00-18:00,,019-636-2211,https://murai-clinic.net/,4.1,147,"dentist,doctor,establishment,health,point_of_interest",7,,30,https://maps.google.com/?cid=
70,たなべ歯科・矯正歯科医院,,,日本、〒033-0033 青森県三沢市美野原１丁目２ 13番地2号,10,10,30,5,15,0,月-土 9:00-18:00,,0176-50-2880,https://www.tanabedc.jp/,4,73,"dentist,doctor,establishment,health,point_of_interest",8,,30,https://maps.google.com/?cid=
65,ししど歯科医院｜盛岡市 歯医者・小児歯科,,,日本、〒020-0402 岩手県盛岡市黒川２２地割３９−１ 歯医者 小児歯科,10,0,30,5,20,0,月-土 9:00-18:00,,019-658-8092,https://www.shishido-dental.net/,4.7,19,"dentist,doctor,establishment,health,point_of_interest",10,,30,https://maps.google.com/?cid=
65,まきなえ歯科小児歯科,,,日本、〒020-0833 岩手県盛岡市西見前１５地割１３６,10,0,30,5,20,0,月-土 9:00-18:00,,019-601-2237,https://www.makinae-dc.com/,4.3,6,"dentist,establishment,health,point_of_interest",10,,30,https://maps.google.com/?cid=
60,石亀歯科まさる矯正歯科,,,日本、〒031-0041 青森県八戸市廿三日町７,10,0,30,5,15,0,月-土 9:00-18:00,,0178-45-6029,http://www.ishigameshika.com/,4.4,5,"establishment,health,point_of_interest",5,,30,https://maps.google.com/?cid=
55,いわぶち矯正歯科クリニック,,,日本、〒031-0821 青森県八戸市白銀３丁目１４−７,10,0,30,5,10,0,月-土 9:00-18:00,,0178-33-6480,https://www.instagram.com/kyouseisika_hachinohe_iwabuchi/,4.2,5,"dentist,establishment,health,point_of_interest",1,,30,https://maps.google.com/?cid=
55,矯正歯科じん歯科クリニック,,,日本、〒036-8004 青森県弘前市大町２丁目10−３,0,5,30,5,15,0,月-土 9:00-18:00,,0172-37-1182,https://www.jin-dental.com/,2,34,"dentist,doctor,establishment,health,point_of_interest",8,,30,https://maps.google.com/?cid=
55,都鳥歯科･小児歯科クリニック,,,日本、〒024-0091 岩手県北上市大曲町９−２６,10,0,30,5,10,0,月-土 9:00-18:00,,0197-64-3033,http://www.todorishika.com/,4.6,5,"dentist,establishment,health,point_of_interest",0,,30,https://maps.google.com/?cid=
55,はし歯科こども歯科,,,日本、〒020-0122 岩手県盛岡市みたけ２丁目２１−３８,10,0,30,5,10,0,月-土 9:00-18:00,,019-648-0035,https://www.hashi-dentalcl.com/,4.3,6,"dentist,establishment,health,point_of_interest",0,,30,https://maps.google.com/?cid=
50,なみおか歯科矯正･こども歯科,,,日本、〒038-1311 青森県青森市浪岡大字浪岡稲村１５７−２０,10,0,30,0,10,0,月-土 9:00-18:00,,0172-62-8618,,4,6,"dentist,establishment,health,point_of_interest",0,,30,https://maps.google.com/?cid=
50,かみきたデンタルクリニック,,,日本、〒039-2406 青森県上北郡東北町旭北１丁目３１−９０,10,15,0,5,20,0,月-土 9:00-18:00,,0176-56-4681,http://kamikita-ortho.com/,4.4,219,"establishment,health,point_of_interest",10,,0,https://maps.google.com/?cid=
50,中里デンタルクリニック,,,日本、〒031-0034 青森県八戸市鷹匠小路12ｰ1,10,15,0,5,20,0,月-土 9:00-18:00,,0178-22-2655,https://www.nakasato-dental.com/,4.7,529,"dentist,doctor,establishment,health,point_of_interest,store",10,,0,https://maps.google.com/?cid=
50,ゆいとぴあ歯科医院,,,日本、〒020-0866 岩手県盛岡市本宮６丁目１１−１０,10,15,0,5,20,0,月-土 9:00-18:00,,019-631-2222,http://www.yuitopia-dc.com/,4.5,119,"dentist,doctor,establishment,health,point_of_interest",10,,0,https://maps.google.com/?cid=
50,すこやか歯科こども歯科医院,,,日本、〒020-0664 岩手県滝沢市鵜飼笹森７２−２４,10,0,30,0,10,0,月-土 9:00-18:00,,019-613-8841,,5,2,"dentist,establishment,health,point_of_interest",0,,30,https://maps.google.com/?cid=
45,医療法人美歯会 板垣矯正歯科青森診療室,,,日本、〒030-0862 青森県青森市古川１丁目１１−１３,0,0,30,5,10,0,月-土 9:00-18:00,,017-777-6600,https://bishikai-itagaki.or.jp/,3.2,6,"dentist,establishment,health,point_of_interest",0,,30,https://maps.google.com/?cid=
45,ヤマダ歯科矯正歯科クリニック,,,日本、〒030-0843 青森県青森市浜田玉川２４４−４ ヤマダ歯科クリニック,0,0,30,5,10,0,月-土 9:00-18:00,,017-739-1112,https://www.kumadent.com/,2.6,16,"dentist,establishment,health,point_of_interest",3,,30,https://maps.google.com/?cid=
45,鈴木歯科矯正歯科医院,,,日本、〒038-0011 青森県青森市篠田２丁目２１−７ 鈴木歯科医院,0,0,30,5,10,0,月-土 9:00-18:00,,017-781-0032,https://www.suzuki-shika-iin.info/,1,1,"establishment,health,point_of_interest",0,,30,https://maps.google.com/?cid=
45,神の前キッズデンタルパーク,,,日本、〒028-3615 岩手県紫波郡矢巾町南矢幅第１３地割３０−６,0,0,30,5,10,0,月-土 9:00-18:00,,019-601-5058,http://kaminomae-kids.com/,3,6,"dentist,doctor,establishment,health,point_of_interest",0,,30,https://maps.google.com/?cid=
45,あおば歯科小児歯科クリニック,,,日本、〒020-0127 岩手県盛岡市前九年３丁目１９−４６,0,0,30,5,10,0,月-土 9:00-18:00,,019-648-0222,https://www.aobashika-syounika.net/,3.7,6,"establishment,health,point_of_interest",0,,30,https://maps.google.com/?cid=
40,こまい歯科クリニック,,,日本、〒030-0813 青森県青森市松原２丁目７−９,10,5,0,5,20,0,月-土 9:00-18:00,,017-773-3510,http://www.komai-dental.com/,4.2,25,"dentist,establishment,health,point_of_interest",10,,0,https://maps.google.com/?cid=
40,オリーブこども歯科,,,日本、〒030-0803 青森県青森市安方２丁目３−１６,0,0,30,0,10,0,月-土 9:00-18:00,,017-773-1861,,1,1,"dentist,establishment,health,point_of_interest",0,,30,https://maps.google.com/?cid=
40,成田歯科矯正歯科,,,日本、〒030-0812 青森県青森市堤町２丁目２１−７,0,0,30,0,10,0,月-土 9:00-18:00,,017-722-8214,,3.8,4,"establishment,health,point_of_interest",1,,30,https://maps.google.com/?cid=
40,矯正歯科K・デンタルクリニック,,,日本、〒030-0812 青森県青森市堤町２丁目９−１５ K 矯正歯科,0,0,30,0,10,0,月-土 9:00-18:00,,017-722-5200,,1,3,"establishment,health,point_of_interest",0,,30,https://maps.google.com/?cid=
35,やまもと歯科,,,日本、〒030-0843 青森県青森市浜田玉川２７−４,10,0,0,5,20,0,月-土 9:00-18:00,,017-721-5230,https://yamamoto-dc.net/,4.1,18,"dentist,establishment,health,point_of_interest",10,,0,https://maps.google.com/?cid=
35,アイル浜中歯科クリニック 青森市 口腔外科,,,日本、〒030-0123 青森県青森市大矢沢里見８８−１１,10,0,0,5,20,0,月-土 9:00-18:00,,017-728-2240,http://www.aomori-haisha.jp/,5,4,"dentist,doctor,establishment,health,point_of_interest",10,,0,https://maps.google.com/?cid=
35,さとうデンタルクリニック,,,日本、〒039-0135 青森県三戸郡三戸町八日町１９−１,10,0,0,5,20,0,月-土 9:00-18:00,,0179-22-1711,https://satodc-sannohe.com/,5,16,"dentist,doctor,establishment,health,point_of_interest",10,,0,https://maps.google.com/?cid=
35,對馬歯科医院,,,日本、〒030-0801 青森県青森市新町１丁目８−２４,10,0,0,5,20,0,月-土 9:00-18:00,,017-722-5466,http://tsushimashika.com/,4.4,9,"dentist,establishment,health,point_of_interest",10,,0,https://maps.google.com/?cid=
35,小林歯科医院,,,日本、〒037-0055 青森県五所川原市柏原町５０,10,10,0,5,10,0,月-土 9:00-18:00,,0173-33-1156,https://www.kobayashi-dentistry.com/,4.3,83,"dentist,doctor,establishment,health,point_of_interest",4,,0,https://maps.google.com/?cid=
35,歯の松本,,,日本、〒020-0824 岩手県盛岡市東安庭１丁目２３−６２,10,5,0,5,15,0,月-土 9:00-18:00,,019-625-5772,http://www.hanomatsumoto.com/,4,32,"dentist,establishment,health,point_of_interest,store",6,,0,https://maps.google.com/?cid=
30,むらかみ歯科クリニック,,,日本、〒030-0853 青森県青森市金沢３丁目３０−２３,10,0,0,5,15,0,月-土 9:00-18:00,,017-777-8244,https://www.murakami-dentalcl.com/,4.5,2,"dentist,establishment,health,point_of_interest",9,,0,https://maps.google.com/?cid=
30,三戸歯科クリニック,,,日本、〒038-0024 青森県青森市浪館前田４丁目１２−１３,10,0,0,5,15,0,月-土 9:00-18:00,,017-763-5218,https://www.sannohe-dental.com/,4.3,10,"establishment,health,point_of_interest",6,,0,https://maps.google.com/?cid=
30,ミドリデンタルクリニック,,,日本、〒030-0845 青森県青森市緑２丁目１３−１４,0,5,0,5,20,0,月-土 9:00-18:00,,017-777-3232,https://midori-d.com/,3.5,46,"dentist,establishment,health,point_of_interest",10,,0,https://maps.google.com/?cid=
30,TOM MINATOYA dental clinic,,,日本、〒030-0801 青森県青森市新町１丁目７−１ THREE4階,10,0,0,5,15,0,月-土 9:00-18:00,,017-752-0148,http://www.minatoya-shika.jp/,4,8,"establishment,health,point_of_interest",5,,0,https://maps.google.com/?cid=
25,さとう歯科,,,日本、〒038-0013 青森県青森市久須志３丁目２−１３ 佐藤歯科医院,10,0,0,5,10,0,月-土 9:00-18:00,,017-774-3223,http://aomorisatodental.com/,4.1,16,"establishment,health,point_of_interest",4,,0,https://maps.google.com/?cid=
25,源内歯科クリニック,,,日本、〒038-0004 青森県青森市富田１丁目２６−１,10,0,0,5,10,0,月-土 9:00-18:00,,017-766-4188,https://www.gennai-dental.com/,4.6,12,"dentist,establishment,health,point_of_interest",2,,0,https://maps.google.com/?cid=
25,むつ歯科医院,,,日本、〒030-0853 青森県青森市金沢３丁目１１−１５,10,0,0,5,10,0,月-土 9:00-18:00,,017-777-1840,https://62shika.jp/,5,6,"dentist,establishment,health,point_of_interest",2,,0,https://maps.google.com/?cid=
25,やぎはしファミリー歯科,,,日本、〒036-8173 青森県弘前市富田町３４−３４,0,0,0,5,20,0,月-土 9:00-18:00,,0172-36-4180,https://yagihashi-dental.com/,3.1,10,"dentist,establishment,health,point_of_interest",10,,0,https://maps.google.com/?cid=
25,JUN Dental Clinic,,,日本、〒030-0841 青森県青森市奥野２丁目２０−１３,0,0,0,5,20,0,月-土 9:00-18:00,,017-773-6680,https://www.araseki-dc.com/?utm_source=gmb,2.4,16,"establishment,health,point_of_interest",10,,0,https://maps.google.com/?cid=
20,青葉歯科医院,,,日本、〒038-0032 青森県青森市里見１丁目８−３６,0,0,0,5,15,0,月-土 9:00-18:00,,017-782-1378,http://www.aoba-shikaiin.com/,3.5,6,"dentist,establishment,health,point_of_interest",5,,0,https://maps.google.com/?cid=
20,スマイルの歯科クリニック,,,日本、〒038-0002 青森県青森市沖館４丁目２−４７ グランドコートヘルメス,10,0,0,0,10,0,月-土 9:00-18:00,,017-783-3988,,4.3,7,"dentist,establishment,health,point_of_interest",1,,0,https://maps.google.com/?cid=
20,つくだ歯科クリニック,,,日本、〒030-0964 青森県青森市南佃２丁目１６−１２,10,0,0,0,10,0,月-土 9:00-18:00,,017-742-9148,,4,13,"dentist,establishment,health,point_of_interest",1,,0,https://maps.google.com/?cid=
20,かよ歯科,,,日本、〒030-0843 青森県青森市浜田玉川２１７−２６,0,5,0,5,10,0,月-土 9:00-18:00,,017-739-8241,http://kayoshika.cihp2.jp/,3.6,25,"dentist,establishment,health,point_of_interest",2,,0,https://maps.google.com/?cid=
20,こん歯科口腔外科クリニック,,,日本、〒030-0856 青森県青森市西大野１丁目１５−３,0,5,0,0,15,0,月-土 9:00-18:00,,017-764-0071,,3.8,22,"dentist,establishment,health,point_of_interest",7,,0,https://maps.google.com/?cid=
20,おきだて歯科クリニック,,,日本、〒038-0002 青森県青森市沖館５丁目２０−１１,10,0,0,0,10,0,月-土 9:00-18:00,,017-766-2322,,5,1,"dentist,establishment,health,point_of_interest",0,,0,https://maps.google.com/?cid=
15,青森駅前歯科クリニック,,,日本、〒030-0803 青森県青森市安方１丁目３−２５ 小田島ビル ２Ｆ,0,0,0,5,10,0,月-土 9:00-18:00,,017-773-2332,http://www.aomori-ekimaeshika.jp/,3.6,7,"establishment,health,point_of_interest",4,,0,https://maps.google.com/?cid=
15,石江歯科クリニック,,,日本、〒038-0003 青森県青森市石江江渡１８−２,0,0,0,5,10,0,月-土 9:00-18:00,,017-766-1515,https://www.ishiedental.com/,3.8,4,"dentist,establishment,health,point_of_interest",0,,0,https://maps.google.com/?cid=
15,やまうち歯科医院,,,日本、〒030-0852 青森県青森市大野前田７４−９３,0,0,0,5,10,0,月-土 9:00-18:00,,017-729-0788,https://www.yamauchi-shika.net/,3,5,"dentist,doctor,establishment,health,point_of_interest",4,,0,https://maps.google.com/?cid=
