スコア,医院名,医院長名,郵便番号,住所,基礎評価,来院患者数,子ども対応力,Web積極性,医院規模,ブログ活動,営業時間,ブログ更新日,電話番号,WebサイトURL,評価,レビュー件数,診療科目タグ,写真枚数,SNS連携,子ども対応力スコア,Google Maps URL
80,みらい歯科・こども矯正歯科,,,日本、〒841-0005 佐賀県鳥栖市弥生が丘２丁目194番地,10,15,30,5,20,0,月-土 9:00-18:00,,0942-87-3100,https://www.mirai-dental.com/?utm_source=google&utm_medium=map,4.5,186,"dentist,doctor,establishment,health,point_of_interest",10,,30,https://maps.google.com/?cid=
80,ルアナファミリー歯科・矯正歯科,,,日本、〒841-0202 佐賀県三養基郡基山町長野1051番地9,10,15,30,5,20,0,月-土 9:00-18:00,,0942-92-6488,https://kiyama-dc.com/?utm_source=google&utm_medium=map&utm_campaign=gbp,4.8,222,"dentist,doctor,establishment,health,point_of_interest",10,,30,https://maps.google.com/?cid=
75,松尾歯科矯正歯科,,,日本、〒843-0023 佐賀県武雄市武雄町大字昭和４−１１,10,10,30,5,20,0,月-土 9:00-18:00,,0954-23-4820,https://www.matsuodc.com/,4.7,73,"establishment,health,point_of_interest",10,,30,https://maps.google.com/?cid=
75,プレミアスマイル長崎矯正歯科,,,日本、〒852-8117 長崎県長崎市平野町１０−２ セントポールプロスペクトビル 2階,10,10,30,5,20,0,月-土 9:00-18:00,,095-894-7265,https://www.premiersmile4u.com/,4.5,51,"dentist,establishment,health,point_of_interest",10,,30,https://maps.google.com/?cid=
75,長崎マウスピース矯正歯科,,,日本、〒850-0841 長崎県長崎市銅座町７−２４ 長崎ＦＫビル 1階,10,10,30,5,20,0,月-土 9:00-18:00,,095-801-1010,https://nagasaki-mouthpiece.com/,4.5,51,"dentist,establishment,health,point_of_interest",10,,30,https://maps.google.com/?cid=
75,すずき矯正歯科,,,日本、〒852-8108 長崎県長崎市川口町1−１−１０６ Vivacity 浦上 Station Square 1F,10,10,30,5,20,0,月-土 9:00-18:00,,095-843-7373,http://www.suzuki-or.com/?utm_source=google&utm_medium=maps,4.7,85,"dentist,doctor,establishment,health,point_of_interest",10,,30,https://maps.google.com/?cid=
70,松尾歯科・こども歯科クリニック,,,日本、〒848-0007 佐賀県伊万里市南波多町井手野２７６４−１,10,5,30,5,20,0,月-土 9:00-18:00,,0955-24-3070,https://www.matsuoshikaiin.com/,4.9,20,"dentist,establishment,health,point_of_interest",10,,30,https://maps.google.com/?cid=
70,佐賀駅前矯正歯科,,,日本、〒840-0801 佐賀県佐賀市駅前中央１丁目１３−４０,10,10,30,5,15,0,月-土 9:00-18:00,,0952-37-3527,https://saga-ortho.com/?utm_source=google&utm_medium=map,4.9,95,"dentist,establishment,health,point_of_interest",8,,30,https://maps.google.com/?cid=
70,井口矯正歯科クリニック,,,日本、〒850-0841 長崎県長崎市銅座町４−１４ 青木ビル 2F,10,5,30,5,20,0,月-土 9:00-18:00,,095-832-6041,https://www.iguchi-ortho.com/,4.7,31,"dentist,establishment,health,point_of_interest",10,,30,https://maps.google.com/?cid=
65,（医）TERRA寺谷矯正歯科クリニック,,,日本、〒840-0034 佐賀県佐賀市西与賀町厘外７３９−７,10,10,30,5,10,0,月-土 9:00-18:00,,0952-29-5086,http://www.terra-kyousei.com/,4.8,58,"dentist,establishment,health,point_of_interest",0,,30,https://maps.google.com/?cid=
65,にじ矯正歯科,,,日本、〒840-0027 佐賀県佐賀市本庄町本庄５３６−４,10,0,30,5,20,0,月-土 9:00-18:00,,0952-37-0777,https://rainbow-orthodontic.com/,4.8,5,"dentist,establishment,health,point_of_interest",10,,30,https://maps.google.com/?cid=
65,葉山歯科キッズデンタルクリニック,,,日本、〒852-8065 長崎県長崎市横尾２丁目１３−５,10,0,30,5,20,0,月-土 9:00-18:00,,095-857-0727,https://dentalhayama.com/,4.3,11,"dentist,establishment,health,point_of_interest",10,,30,https://maps.google.com/?cid=
65,たかはし歯科・小児歯科,,,日本、〒851-2127 長崎県西彼杵郡長与町高田郷４７ ブルーインの森メディカルビル １F,10,0,30,5,20,0,月-土 9:00-18:00,,095-894-1118,https://th-dental.com/,4,6,"dentist,doctor,establishment,health,point_of_interest",10,,30,https://maps.google.com/?cid=
65,医療法人尚真会よしだ歯科矯正クリニック,,,日本、〒852-8134 長崎県長崎市大橋町１７−１ よしだ歯科 矯正クリニック ２階,10,0,30,5,20,0,月-土 9:00-18:00,,095-844-2350,http://www.y-dc.com/,4.6,14,"dentist,establishment,health,point_of_interest",10,,30,https://maps.google.com/?cid=
65,新宿南口矯正歯科,,,日本、〒151-0053 東京都渋谷区代々木２丁目９−９ ５FPGlinksSHINJUKUTerrace ４階,10,0,30,5,20,0,月-土 9:00-18:00,,,https://shinjuku-minamiguchi-kyouseishika.com/,4.5,16,"dentist,establishment,health,point_of_interest",10,,30,https://maps.google.com/?cid=
60,坂井歯科・矯正歯科,,,日本、〒849-0302 佐賀県小城市牛津町柿樋瀬１１１５−７,10,0,30,5,15,0,月-土 9:00-18:00,,0952-66-0141,https://www.sakai-dc-2016.jp/,5,4,"establishment,health,point_of_interest",7,,30,https://maps.google.com/?cid=
60,マツオ歯科医院 小児歯科·歯科,,,日本、〒852-8102 長崎県長崎市坂本１丁目４−２０,10,0,30,5,15,0,月-土 9:00-18:00,,095-847-7378,http://matsuo-dental.website/,4.2,9,"dentist,doctor,establishment,health,point_of_interest",6,,30,https://maps.google.com/?cid=
60,歯科 小児矯正歯科 つのまち医院,,,日本、〒850-0023 長崎県長崎市出来大工町６２−４,10,0,30,5,15,0,月-土 9:00-18:00,,095-827-4418,https://tsunomachi.com/,5,1,"dentist,establishment,health,point_of_interest",6,,30,https://maps.google.com/?cid=
60,内田歯科こども矯正歯科クリニック,,,日本、〒857-0841 長崎県佐世保市大宮町１７−１６,10,5,30,5,10,0,月-土 9:00-18:00,,0120-318-737,https://udc-sasebo.jp/,4.7,35,"dentist,establishment,health,point_of_interest",1,,30,https://maps.google.com/?cid=
55,こんどう矯正歯科,,,日本、〒840-0816 佐賀県佐賀市駅南本町６−７ 内田ビル 3F,0,5,30,5,15,0,月-土 9:00-18:00,,0952-27-0927,http://www.kondokyousei.com/,3.4,20,"dentist,establishment,health,point_of_interest",8,,30,https://maps.google.com/?cid=
55,大櫛歯科矯正歯科医院,,,日本、〒842-0052 佐賀県神埼市千代田町姉２−１,10,0,30,5,10,0,月-土 9:00-18:00,,0952-44-5475,http://www.ohgushi-dental-office.com/,5,2,"establishment,health,point_of_interest",0,,30,https://maps.google.com/?cid=
55,アルファ歯科・矯正歯科クリニック,,,日本、〒841-0032 佐賀県鳥栖市大正町６９７−３,10,0,30,5,10,0,月-土 9:00-18:00,,0942-83-8211,https://www.alpha-dental-clinic.com/,4.4,14,"dentist,establishment,health,point_of_interest",2,,30,https://maps.google.com/?cid=
55,さとうこども歯科,,,日本、〒857-0361 長崎県北松浦郡佐々町小浦免５−６２,10,0,30,0,15,0,月-土 9:00-18:00,,0956-40-1881,,4.8,8,"dentist,establishment,health,point_of_interest",5,,30,https://maps.google.com/?cid=
50,ホワイトニングサロンKiratt 佐賀店,,,日本、〒840-0806 佐賀県佐賀市神園２丁目７−８,10,15,0,5,20,0,月-土 9:00-18:00,,070-8471-1360,https://kiratt.jp/saga,5,138,"dentist,establishment,health,point_of_interest,store",10,,0,https://maps.google.com/?cid=
50,村上矯正歯科,,,日本、〒852-8135 長崎県長崎市千歳町２−１８,0,0,30,5,15,0,月-土 9:00-18:00,,0120-111-211,https://murakamikyouseishika.com/,2.9,8,"dentist,establishment,health,point_of_interest",7,,30,https://maps.google.com/?cid=
45,医療法人祥和会はっとり歯科医院,,,日本、〒840-0201 佐賀県佐賀市大和町大字尼寺２９００−１,10,10,0,5,20,0,月-土 9:00-18:00,,0952-62-1261,https://hattori-d.com/,4.4,67,"dentist,doctor,establishment,health,point_of_interest",10,,0,https://maps.google.com/?cid=
45,いちのせ歯科・小児歯科医院,,,日本、〒840-0015 佐賀県佐賀市木原２丁目３−８,0,0,30,5,10,0,月-土 9:00-18:00,,0952-27-0420,https://www.ichinose-shika.net/,3.7,3,"establishment,health,point_of_interest",0,,30,https://maps.google.com/?cid=
45,スマイル髙城歯科,,,日本、〒840-0011 佐賀県佐賀市北川副町江上９５−１,10,10,0,5,20,0,月-土 9:00-18:00,,0952-27-0412,https://www.smileshika.net/?utm_source=google&utm_medium=mybusiness,4.7,81,"dentist,doctor,establishment,health,point_of_interest",10,,0,https://maps.google.com/?cid=
45,すみ矯正歯科,,,日本、〒840-0806 佐賀県佐賀市神園３丁目１４−５,0,0,30,5,10,0,月-土 9:00-18:00,,0952-32-4767,https://sumi-orthod.com/,3.7,10,"dentist,establishment,health,point_of_interest",4,,30,https://maps.google.com/?cid=
45,医療法人有光会 ありた小児歯科・矯正歯科,,,日本、〒852-8016 長崎県長崎市宝栄町１４−８,0,0,30,5,10,0,月-土 9:00-18:00,,095-862-8131,https://arita-po.com/,3.7,6,"establishment,health,point_of_interest",2,,30,https://maps.google.com/?cid=
45,ゆきなり小児・矯正歯科,,,日本、〒852-8053 長崎県長崎市葉山２丁目５−２６ 焼肉Ｂｙうしのや,0,0,30,5,10,0,月-土 9:00-18:00,,095-857-8211,http://www.yukinari-syouni.sakura.ne.jp/,2.6,7,"dentist,establishment,health,point_of_interest",2,,30,https://maps.google.com/?cid=
40,さがの杜にしむら歯科クリニック,,,日本、〒840-0045 佐賀県佐賀市西田代１丁目３−１７,10,5,0,5,20,0,月-土 9:00-18:00,,0952-20-5542,https://www.sagamori-dc.com/,4.8,26,"dentist,establishment,health,point_of_interest",10,,0,https://maps.google.com/?cid=
40,ゆきデンタルクリニック,,,日本、〒849-0919 佐賀県佐賀市兵庫北２丁目１５−３４ ゆき デンタルクリニック,10,10,0,5,15,0,月-土 9:00-18:00,,0952-30-4901,http://yukidentalclinic.jp/,4.2,56,"dentist,establishment,health,point_of_interest",6,,0,https://maps.google.com/?cid=
40,田口歯科医院,,,日本、〒850-0841 長崎県長崎市銅座町４−１ りそな長崎ビル,10,10,0,5,15,0,月-土 9:00-18:00,,095-821-0648,http://www.taguchi-kidsdc.com/,4.7,97,"dentist,doctor,establishment,health,point_of_interest",8,,0,https://maps.google.com/?cid=
40,はかりや歯科·小児歯科医院,,,日本、〒850-0066 長崎県長崎市大浜町１５９１,0,0,30,0,10,0,月-土 9:00-18:00,,095-865-0082,,2.8,6,"dentist,establishment,health,point_of_interest",3,,30,https://maps.google.com/?cid=
40,やまぐち歯科クリニック,,,日本、〒851-0134 長崎県長崎市田中町７９−１３,10,10,0,5,15,0,月-土 9:00-18:00,,095-839-8742,http://www.55hamigaki.com/,4.6,69,"dentist,establishment,health,point_of_interest",8,,0,https://maps.google.com/?cid=
40,高田歯科小児歯科,,,日本、〒850-0855 長崎県長崎市東古川町４−３,0,0,30,0,10,0,月-土 9:00-18:00,,095-821-4181,,3,1,"dentist,establishment,health,point_of_interest",2,,30,https://maps.google.com/?cid=
35,サノ歯科クリニック,,,日本、〒849-0201 佐賀県佐賀市久保田町大字徳万１７３−１,10,5,0,5,15,0,月-土 9:00-18:00,,0952-68-2405,https://sano-doc.net/,4.3,32,"dentist,establishment,health,point_of_interest",9,,0,https://maps.google.com/?cid=
35,東長崎HANA歯科,,,日本、〒171-0052 東京都豊島区南長崎５丁目１７−１７ 12KITANOビル 1階,10,5,0,5,15,0,月-土 9:00-18:00,,03-6908-1163,https://hn-hanashika.com/,4.1,20,"dentist,doctor,establishment,health,point_of_interest",5,,0,https://maps.google.com/?cid=
35,Shiho Dental Clinic,,,日本、〒852-8034 長崎県長崎市城栄町１８−２３ ヒガシビル 1F,10,0,0,5,20,0,月-土 9:00-18:00,,095-848-3368,https://shiho-dental.jp/,4.8,19,"dentist,doctor,establishment,health,point_of_interest",10,,0,https://maps.google.com/?cid=
35,いのうえ歯科 道の尾オフィス,,,日本、〒852-8052 長崎県長崎市岩屋町１７−２５,10,0,0,5,20,0,月-土 9:00-18:00,,095-894-4083,https://inoue-michinoo.com/,4.9,17,"dentist,establishment,health,point_of_interest",10,,0,https://maps.google.com/?cid=
30,佐賀駅つるた歯科,,,日本、〒840-0801 佐賀県佐賀市駅前中央１丁目４−１７ コムボックス佐賀駅前 2F,10,0,0,5,15,0,月-土 9:00-18:00,,0952-37-7382,https://www.saga-tsuruta.jp/,4.1,17,"establishment,health,point_of_interest",7,,0,https://maps.google.com/?cid=
30,ひらのデンタルクリニック,,,日本、〒852-8153 長崎県長崎市花丘町１−２７ 出口ビル,10,5,0,5,10,0,月-土 9:00-18:00,,095-894-9091,https://www.hirano-dental.net/,4.8,25,"dentist,doctor,establishment,health,hospital,point_of_interest",4,,0,https://maps.google.com/?cid=
25,よしだ歯科クリニック,,,日本、〒849-0201 佐賀県佐賀市久保田町大字徳万２１００−１６,10,0,0,5,10,0,月-土 9:00-18:00,,0952-68-5230,http://yoshidashikaclinic.com/,5,1,"establishment,health,point_of_interest",1,,0,https://maps.google.com/?cid=
25,副島歯科医院,,,日本、〒840-0811 佐賀県佐賀市大財２丁目１−１８,0,0,0,5,20,0,月-土 9:00-18:00,,0952-24-8981,http://soejimadental.com/,3.5,11,"dentist,doctor,establishment,health,point_of_interest,store",10,,0,https://maps.google.com/?cid=
25,たちばな歯科医院長崎,,,日本、〒850-0874 長崎県長崎市魚の町３ 長崎市魚の町３−１２ Ｊ、Ｐ、Ｇヴィレッジ ■小児歯科■歯周病■虫歯治療■入れ歯■歯医者■顎関節症,10,0,0,5,10,0,月-土 9:00-18:00,,095-823-5363,https://www.tachibana-shikaiin.net/,4.8,5,"dentist,doctor,establishment,health,point_of_interest",4,,0,https://maps.google.com/?cid=
25,中村デンタルクリニック,,,日本、〒852-8014 長崎県長崎市竹の久保町１−３４,10,0,0,5,10,0,月-土 9:00-18:00,,095-832-1111,http://n-dc.jp/,4.1,7,"establishment,health,point_of_interest",4,,0,https://maps.google.com/?cid=
25,かがり歯科クリニック,,,日本、〒850-0843 長崎県長崎市常盤町１−５５,10,0,0,0,15,0,月-土 9:00-18:00,,095-895-9331,,4.7,3,"dentist,establishment,health,point_of_interest",8,,0,https://maps.google.com/?cid=
15,たかかぜ歯科,,,日本、〒851-0133 長崎県長崎市矢上町４７−８,0,0,0,5,10,0,月-土 9:00-18:00,,095-839-3332,http://takakaze-dc.com/,3,18,"dentist,doctor,establishment,health,point_of_interest",1,,0,https://maps.google.com/?cid=
15,長崎歯科,,,日本、〒171-0051 東京都豊島区長崎４丁目２９−４ 1F,0,0,0,5,10,0,月-土 9:00-18:00,,03-3554-8525,http://nagasaki-dental.jp/,3.8,8,"dentist,establishment,health,point_of_interest",2,,0,https://maps.google.com/?cid=
