医院名,WebサイトURL,住所,電話番号,評価,レビュー件数,写真枚数,Google Maps URL
松尾歯科･おとなこども矯正歯科,http://www.matsuo-dc.info/,日本、〒039-1536 青森県三戸郡五戸町愛宕後２６−１４,0178-62-7055,4.7,149,10,https://maps.google.com/?cid=28218853782371339
こまい歯科クリニック,http://www.komai-dental.com/,日本、〒030-0813 青森県青森市松原２丁目７−９,017-773-3510,4.2,25,10,https://maps.google.com/?cid=12841011475164137121
なみおか歯科矯正･こども歯科,,日本、〒038-1311 青森県青森市浪岡大字浪岡稲村１５７−２０,0172-62-8618,4,6,0,https://maps.google.com/?cid=10627428258494066751
のへじ矯正小児歯科,https://noheji.kamiden.net/,日本、〒039-3141 青森県上北郡野辺地町鳴沢３６−１,0175-64-6605,4.5,56,10,https://maps.google.com/?cid=13360236793723995637
やまもと歯科,https://yamamoto-dc.net/,日本、〒030-0843 青森県青森市浜田玉川２７−４,017-721-5230,4.1,18,10,https://maps.google.com/?cid=17774070992620817400
青葉歯科医院,http://www.aoba-shikaiin.com/,日本、〒038-0032 青森県青森市里見１丁目８−３６,017-782-1378,3.5,6,5,https://maps.google.com/?cid=11894720475697337795
かみきたデンタルクリニック,http://kamikita-ortho.com/,日本、〒039-2406 青森県上北郡東北町旭北１丁目３１−９０,0176-56-4681,4.4,219,10,https://maps.google.com/?cid=12861001954703120818
アイル浜中歯科クリニック 青森市 口腔外科,http://www.aomori-haisha.jp/,日本、〒030-0123 青森県青森市大矢沢里見８８−１１,017-728-2240,5,4,10,https://maps.google.com/?cid=6581707182609543613
むらかみ歯科クリニック,https://www.murakami-dentalcl.com/,日本、〒030-0853 青森県青森市金沢３丁目３０−２３,017-777-8244,4.5,2,9,https://maps.google.com/?cid=14764067369457047533
スマイルの歯科クリニック,,日本、〒038-0002 青森県青森市沖館４丁目２−４７ グランドコートヘルメス,017-783-3988,4.3,7,1,https://maps.google.com/?cid=8808924654845325368
つくだ歯科クリニック,,日本、〒030-0964 青森県青森市南佃２丁目１６−１２,017-742-9148,4,13,1,https://maps.google.com/?cid=9859408581645254072
かよ歯科,http://kayoshika.cihp2.jp/,日本、〒030-0843 青森県青森市浜田玉川２１７−２６,017-739-8241,3.6,25,2,https://maps.google.com/?cid=12631895878321178059
幸畑歯科,,日本、〒030-0943 青森県青森市幸畑２丁目１３−１７,017-738-8000,4.3,9,2,https://maps.google.com/?cid=3432607974883252456
三戸歯科クリニック,https://www.sannohe-dental.com/,日本、〒038-0024 青森県青森市浪館前田４丁目１２−１３,017-763-5218,4.3,10,6,https://maps.google.com/?cid=14096918261766771848
さとう歯科,http://aomorisatodental.com/,日本、〒038-0013 青森県青森市久須志３丁目２−１３ 佐藤歯科医院,017-774-3223,4.1,16,4,https://maps.google.com/?cid=14096874957932636384
ミドリデンタルクリニック,https://midori-d.com/,日本、〒030-0845 青森県青森市緑２丁目１３−１４,017-777-3232,3.5,46,10,https://maps.google.com/?cid=7624348179475200838
こん歯科口腔外科クリニック,,日本、〒030-0856 青森県青森市西大野１丁目１５−３,017-764-0071,3.8,22,7,https://maps.google.com/?cid=5064214502342100878
青森駅前歯科クリニック,http://www.aomori-ekimaeshika.jp/,日本、〒030-0803 青森県青森市安方１丁目３−２５ 小田島ビル ２Ｆ,017-773-2332,3.6,7,4,https://maps.google.com/?cid=12681194456849851541
石江歯科クリニック,https://www.ishiedental.com/,日本、〒038-0003 青森県青森市石江江渡１８−２,017-766-1515,3.8,4,0,https://maps.google.com/?cid=7592920779331057110
源内歯科クリニック,https://www.gennai-dental.com/,日本、〒038-0004 青森県青森市富田１丁目２６−１,017-766-4188,4.6,12,2,https://maps.google.com/?cid=14876259883938721473
さとうデンタルクリニック,https://satodc-sannohe.com/,日本、〒039-0135 青森県三戸郡三戸町八日町１９−１,0179-22-1711,5,16,10,https://maps.google.com/?cid=8520170009117120818
中里デンタルクリニック,https://www.nakasato-dental.com/,日本、〒031-0034 青森県八戸市鷹匠小路12ｰ1,0178-22-2655,4.7,529,10,https://maps.google.com/?cid=3619948130249270671
オリーブこども歯科,,日本、〒030-0803 青森県青森市安方２丁目３−１６,017-773-1861,1,1,0,https://maps.google.com/?cid=17136969466848306417
やまうち歯科医院,https://www.yamauchi-shika.net/,日本、〒030-0852 青森県青森市大野前田７４−９３,017-729-0788,3,5,4,https://maps.google.com/?cid=11452007609600875650
おきだて歯科クリニック,,日本、〒038-0002 青森県青森市沖館５丁目２０−１１,017-766-2322,5,1,0,https://maps.google.com/?cid=11756755993595213138
医療法人美歯会 板垣矯正歯科青森診療室,https://bishikai-itagaki.or.jp/,日本、〒030-0862 青森県青森市古川１丁目１１−１３,017-777-6600,3.2,6,0,https://maps.google.com/?cid=13617809529449051060
ヤマダ歯科矯正歯科クリニック,https://www.kumadent.com/,日本、〒030-0843 青森県青森市浜田玉川２４４−４ ヤマダ歯科クリニック,017-739-1112,2.6,16,3,https://maps.google.com/?cid=8961961603428740727
むつ歯科医院,https://62shika.jp/,日本、〒030-0853 青森県青森市金沢３丁目１１−１５,017-777-1840,5,6,2,https://maps.google.com/?cid=11936144824123775731
成田歯科矯正歯科,,日本、〒030-0812 青森県青森市堤町２丁目２１−７,017-722-8214,3.8,4,1,https://maps.google.com/?cid=11654349067871293023
たなべ歯科・矯正歯科医院,https://www.tanabedc.jp/,日本、〒033-0033 青森県三沢市美野原１丁目２ 13番地2号,0176-50-2880,4,73,8,https://maps.google.com/?cid=5747194597688233852
對馬歯科医院,http://tsushimashika.com/,日本、〒030-0801 青森県青森市新町１丁目８−２４,017-722-5466,4.4,9,10,https://maps.google.com/?cid=16835365456088651029
矯正歯科K・デンタルクリニック,,日本、〒030-0812 青森県青森市堤町２丁目９−１５ K 矯正歯科,017-722-5200,1,3,0,https://maps.google.com/?cid=16508018642305008501
小林歯科医院,https://www.kobayashi-dentistry.com/,日本、〒037-0055 青森県五所川原市柏原町５０,0173-33-1156,4.3,83,4,https://maps.google.com/?cid=4545911626942355936
石亀歯科まさる矯正歯科,http://www.ishigameshika.com/,日本、〒031-0041 青森県八戸市廿三日町７,0178-45-6029,4.4,5,5,https://maps.google.com/?cid=7613642590922137552
やぎはしファミリー歯科,https://yagihashi-dental.com/,日本、〒036-8173 青森県弘前市富田町３４−３４,0172-36-4180,3.1,10,10,https://maps.google.com/?cid=12625582892787686695
JUN Dental Clinic,https://www.araseki-dc.com/?utm_source=gmb,日本、〒030-0841 青森県青森市奥野２丁目２０−１３,017-773-6680,2.4,16,10,https://maps.google.com/?cid=753771216470094884
鈴木歯科矯正歯科医院,https://www.suzuki-shika-iin.info/,日本、〒038-0011 青森県青森市篠田２丁目２１−７ 鈴木歯科医院,017-781-0032,1,1,0,https://maps.google.com/?cid=14869187195784106167
矯正歯科じん歯科クリニック,https://www.jin-dental.com/,日本、〒036-8004 青森県弘前市大町２丁目10−３,0172-37-1182,2,34,8,https://maps.google.com/?cid=17056383272330121953
盛岡となん歯科･こども矯正歯科,https://tonandc.com/,日本、〒020-0831 岩手県盛岡市三本柳７地割13番8号,019-638-8680,4.9,262,10,https://maps.google.com/?cid=5972186405453112528
都鳥歯科･小児歯科クリニック,http://www.todorishika.com/,日本、〒024-0091 岩手県北上市大曲町９−２６,0197-64-3033,4.6,5,0,https://maps.google.com/?cid=1929701776690380778
歯の松本,http://www.hanomatsumoto.com/,日本、〒020-0824 岩手県盛岡市東安庭１丁目２３−６２,019-625-5772,4,32,6,https://maps.google.com/?cid=12467602416014899376
村井産婦人科小児歯科医院,https://murai-clinic.net/,日本、〒020-0851 岩手県盛岡市向中野道明55,019-636-2211,4.1,147,7,https://maps.google.com/?cid=4371269780495001218
神の前キッズデンタルパーク,http://kaminomae-kids.com/,日本、〒028-3615 岩手県紫波郡矢巾町南矢幅第１３地割３０−６,019-601-5058,3,6,0,https://maps.google.com/?cid=523237152264477684
ししど歯科医院｜盛岡市 歯医者・小児歯科,https://www.shishido-dental.net/,日本、〒020-0402 岩手県盛岡市黒川２２地割３９−１ 歯医者 小児歯科,019-658-8092,4.7,19,10,https://maps.google.com/?cid=12224080469455841455
ゆいとぴあ歯科医院,http://www.yuitopia-dc.com/,日本、〒020-0866 岩手県盛岡市本宮６丁目１１−１０,019-631-2222,4.5,119,10,https://maps.google.com/?cid=1394409681404232714
はし歯科こども歯科,https://www.hashi-dentalcl.com/,日本、〒020-0122 岩手県盛岡市みたけ２丁目２１−３８,019-648-0035,4.3,6,0,https://maps.google.com/?cid=1481130257404916501
高橋衛歯科医院(歯科･小児歯科･矯正歯科･歯科口腔外科),https://www.mamoru-shika.com/?utm_source=google&utm_medium=maps,日本、〒020-0136 岩手県盛岡市北天昌寺町７−１０,0120-981-418,4.2,173,10,https://maps.google.com/?cid=10299905700277547334
まきなえ歯科小児歯科,https://www.makinae-dc.com/,日本、〒020-0833 岩手県盛岡市西見前１５地割１３６,019-601-2237,4.3,6,10,https://maps.google.com/?cid=15230615017855286663
すこやか歯科こども歯科医院,,日本、〒020-0664 岩手県滝沢市鵜飼笹森７２−２４,019-613-8841,5,2,0,https://maps.google.com/?cid=2470836489838209599
あおば歯科小児歯科クリニック,https://www.aobashika-syounika.net/,日本、〒020-0127 岩手県盛岡市前九年３丁目１９−４６,019-648-0222,3.7,6,0,https://maps.google.com/?cid=11227234111176691696
